Package,Item,Title,Rows,Cols,n_binary,n_character,n_factor,n_logical,n_numeric
boot,acme,Monthly Excess Returns,60,3,0,1,0,0,2
boot,aids,Delay in AIDS Reporting in England and Wales,570,6,1,0,0,0,6
boot,aircondit,Failures of Air-conditioning Equipment,12,1,0,0,0,0,1
boot,aircondit7,Failures of Air-conditioning Equipment,24,1,0,0,0,0,1
boot,amis,Car Speeding and Warning Signs,8437,4,1,0,0,0,4
boot,aml,Remission Times for Acute Myelogenous Leukaemia,23,3,2,0,0,0,3
boot,beaver,Beaver Body Temperature Data,100,4,2,0,0,0,4
boot,bigcity,Population of U.S. Cities,49,2,0,0,0,0,2
boot,brambles,Spatial Location of Bramble Canes,823,3,0,0,0,0,3
boot,breslow,Smoking Deaths Among Doctors,10,5,1,0,1,0,4
boot,calcium,Calcium Uptake Data,27,2,0,0,0,0,2
boot,cane,Sugar-cane Disease Data,180,5,0,0,2,0,3
boot,capability,Simulated Manufacturing Process Data,75,1,0,0,0,0,1
boot,catsM,Weight Data for Domestic Cats,97,3,0,0,1,0,2
boot,cav,Position of Muscle Caveolae,138,2,0,0,0,0,2
boot,cd4,CD4 Counts for HIV-Positive Patients,20,2,0,0,0,0,2
boot,cd4.nested,Nested Bootstrap of cd4 data,999,2,0,0,0,0,2
boot,channing,Channing House Data,462,5,2,0,1,0,4
boot,city,Population of U.S. Cities,10,2,0,0,0,0,2
boot,claridge,Genetic Links to Left-handedness,37,2,0,0,0,0,2
boot,cloth,Number of Flaws in Cloth,32,2,0,0,0,0,2
boot,co.transfer,Carbon Monoxide Transfer,7,2,0,0,0,0,2
boot,coal,Dates of Coal Mining Disasters,191,1,0,0,0,0,1
boot,darwin,Darwin's Plant Height Differences,15,1,0,0,0,0,1
boot,dogs,Cardiac Data for Domestic Dogs,7,2,0,0,0,0,2
boot,downs.bc,Incidence of Down's Syndrome in British Columbia,30,3,0,0,0,0,3
boot,ducks,Behavioral and Plumage Characteristics of Hybrid Ducks,11,2,0,0,0,0,2
boot,fir,Counts of Balsam-fir Seedlings,50,3,0,0,0,0,3
boot,frets,Head Dimensions in Brothers,25,4,0,0,0,0,4
boot,grav,Acceleration Due to Gravity,26,2,1,0,1,0,1
boot,gravity,Acceleration Due to Gravity,81,2,0,0,1,0,1
boot,hirose,Failure Time of PET Film,44,3,1,0,0,0,3
boot,islay,Jura Quartzite Azimuths on Islay,18,1,0,0,0,0,1
boot,manaus,Average Heights of the Rio Negro river at Manaus,1080,2,0,0,0,0,2
boot,melanoma,Survival from Malignant Melanoma,205,7,2,0,0,0,7
boot,motor,Data from a Simulated Motorcycle Accident,94,4,0,0,0,0,4
boot,neuro,Neurophysiological Point Process Data,469,6,0,0,0,0,6
boot,nitrofen,Toxicity of Nitrofen in Aquatic Systems,50,5,0,0,0,0,5
boot,nodal,Nodal Involvement in Prostate Cancer,53,7,6,0,0,0,7
boot,nuclear,Nuclear Power Station Construction Data,32,11,5,0,0,0,11
boot,paulsen,Neurotransmission in Guinea Pig Brains,346,1,0,0,0,0,1
boot,poisons,Animal Survival Times,48,3,0,0,2,0,1
boot,polar,Pole Positions of New Caledonian Laterites,50,2,0,0,0,0,2
boot,remission,Cancer Remission and Cell Activity,27,3,1,0,0,0,3
boot,salinity,Water Salinity and River Discharge,28,4,0,0,0,0,4
boot,survival,Survival of Rats after Radiation Doses,14,2,0,0,0,0,2
boot,tau,Tau Particle Decay Modes,60,2,0,0,1,0,1
boot,tuna,Tuna Sighting Data,64,1,0,0,0,0,1
boot,urine,Urine Analysis Data,79,7,1,0,0,0,7
boot,wool,Australian Relative Wool Prices,309,2,0,0,0,0,2
carData,Adler,Experimenter Expectations,108,3,1,0,2,0,1
carData,AMSsurvey,American Math Society Survey Data,24,5,2,0,3,0,2
carData,Angell,Moral Integration of American Cities,43,4,0,0,1,0,3
carData,Anscombe,U. S. State Public-School Expenditures,51,4,0,0,0,0,4
carData,Arrests,Arrests for Marijuana Possession,5226,8,5,0,5,0,3
carData,Baumann,Methods of Teaching Reading Comprehension,66,6,0,0,1,0,5
carData,BEPS,British Election Panel Study,1525,10,1,0,2,0,8
carData,Bfox,Canadian Women's Labour-Force Participation,30,6,0,0,0,0,6
carData,Blackmore,Exercise Histories of Eating-Disordered and Control Subjects,945,4,1,0,2,0,2
carData,Burt,Fraudulent Data on IQs of Twins Raised Apart,27,3,0,0,1,0,2
carData,CanPop,Canadian Population Data,16,2,0,0,0,0,2
carData,CES11,"2011 Canadian National Election Study, With Attitude Toward Abortion",2231,9,3,0,6,0,3
carData,Chile,Voting Intentions in the 1988 Chilean Plebiscite,2700,8,1,0,4,0,4
carData,Chirot,The 1907 Romanian Peasant Rebellion,32,5,0,0,0,0,5
carData,Cowles,Cowles and Davis's Data on Volunteering,1421,4,2,0,2,0,2
carData,Davis,Self-Reports of Height and Weight,200,5,1,0,1,0,4
carData,DavisThin,Davis's Data on Drive for Thinness,191,7,0,0,0,0,7
carData,Depredations,Minnesota Wolf Depredation Data,434,5,0,0,0,0,5
carData,Duncan,Duncan's Occupational Prestige Data,45,4,0,0,1,0,3
carData,Ericksen,The 1980 U.S. Census Undercount,66,9,1,0,1,0,8
carData,Florida,Florida County Voting,67,11,0,0,0,0,11
carData,Freedman,Crowding and Crime in U. S. Metropolitan Areas,110,4,0,0,0,0,4
carData,Friendly,Format Effects on Recall,30,2,0,0,1,0,1
carData,Ginzberg,Data on Depression,82,6,0,0,0,0,6
carData,Greene,Refugee Appeals,384,7,3,0,6,0,1
carData,GSSvocab,Data from the General Social Survey (GSS) from the National Opinion Research Center of the University of Chicago.,28867,8,2,0,5,0,3
carData,Guyer,Anonymity and Cooperation,20,3,2,0,2,0,1
carData,Hartnagel,Canadian Crime-Rates Time Series,38,8,0,0,0,0,8
carData,Highway1,Highway Accidents,39,12,0,0,1,0,11
carData,KosteckiDillon,Treatment of Migraine Headaches,4152,9,2,0,4,0,5
carData,Leinhardt,Data on Infant-Mortality,105,4,1,0,2,0,2
carData,LoBD,Cancer drug data use to provide an example of the use of the skew power distributions.,84,9,0,0,1,0,8
carData,Mandel,Contrived Collinear Data,8,3,0,0,0,0,3
carData,Migration,Canadian Interprovincial Migration Data,90,8,0,0,2,0,6
carData,Moore,"Status, Authoritarianism, and Conformity",45,4,1,0,2,0,2
carData,MplsDemo,"Minneapolis Demographic Data 2015, by Neighborhood",84,8,0,1,0,0,7
carData,MplsStops,Minneapolis Police Department 2017 Stop Data,51920,14,5,0,10,0,3
carData,Mroz,U.S. Women's Labor-Force Participation,753,8,3,0,3,0,5
carData,OBrienKaiser,O'Brien and Kaiser's Repeated-Measures Data,16,17,1,0,2,0,15
carData,Ornstein,Interlocking Directorates Among Major Canadian Firms,248,4,0,0,2,0,2
carData,Pottery,Chemical Composition of Pottery,26,6,0,0,1,0,5
carData,Prestige,Prestige of Canadian Occupations,102,6,0,0,1,0,5
carData,Quartet,Four Regression Datasets,11,6,1,0,0,0,6
carData,Robey,Fertility and Contraception,50,3,0,0,1,0,2
carData,Rossi,Rossi et al.'s Criminal Recidivism Data,432,62,58,0,57,0,5
carData,Sahlins,Agricultural Production in Mazulu Village,20,2,0,0,0,0,2
carData,Salaries,Salaries for Professors,397,6,2,0,3,0,3
carData,SLID,Survey of Labour and Income Dynamics,7425,5,1,0,2,0,3
carData,Soils,Soil Compositions of Physical and Chemical Characteristics,48,14,0,0,5,0,9
carData,States,Education and Related Statistics for the U.S. States,51,7,0,0,1,0,6
carData,TitanicSurvival,Survival of Passengers on the Titanic,1309,4,2,0,3,0,1
carData,Transact,Transaction data,261,3,0,0,0,0,3
carData,UN,"National Statistics from the United Nations, Mostly From 2009-2011",213,7,0,0,2,0,5
carData,UN98,United Nations Social Indicators Data 1998],207,13,0,0,1,0,12
carData,USPop,Population of the United States,22,2,0,0,0,0,2
carData,Vocab,Vocabulary and Education,30351,4,1,0,1,0,3
carData,WeightLoss,Weight Loss Data,34,7,0,0,1,0,6
carData,Wells,Well Switching in Bangladesh,3020,5,2,0,2,0,3
carData,Womenlf,Canadian Women's Labour-Force Participation,263,4,1,0,3,0,1
carData,Wong,Post-Coma Recovery of IQ,331,7,1,0,1,0,6
carData,Wool,Wool data,27,4,0,0,0,0,4
carData,WVS,World Values Surveys,5381,6,3,0,5,0,1
cluster,agriculture,European Union Agricultural Workforces,12,2,0,0,0,0,2
cluster,animals,Attributes of Animals,20,6,6,0,0,0,6
cluster,chorSub,Subset of C-horizon of Kola Data,61,10,0,0,0,0,10
cluster,flower,Flower Characteristics,18,8,3,0,6,0,2
cluster,plantTraits,Plant Species Traits Data,136,31,20,0,28,0,3
cluster,pluton,Isotopic Composition Plutonium Batches,45,4,0,0,0,0,4
cluster,ruspini,Ruspini Data,75,2,0,0,0,0,2
cluster,votes.repub,Votes for Republican Candidate in Presidential Elections,50,31,0,0,0,0,31
cluster,xclara,Bivariate Data Set with 3 Clusters,3000,2,0,0,0,0,2
COUNT,affairs,affairs,601,18,17,0,0,0,18
COUNT,azcabgptca,azcabgptca,1959,6,4,0,0,0,6
COUNT,azdrg112,azdrg112,1798,4,3,0,0,0,4
COUNT,azpro,azpro,3589,6,4,0,0,0,6
COUNT,azprocedure,azprocedure,3589,6,4,0,0,0,6
COUNT,badhealth,badhealth,1127,3,1,0,0,0,3
COUNT,fasttrakg,fasttrakg,15,9,6,0,0,0,9
COUNT,fishing,fishing,147,7,1,0,1,0,6
COUNT,lbw,lbw,189,10,4,0,0,0,10
COUNT,lbwgrp,lbwgrp,6,7,5,0,0,0,7
COUNT,loomis,loomis,410,11,8,0,0,0,11
COUNT,mdvis,mdvis,2227,13,8,0,0,0,13
COUNT,medpar,medpar,1495,10,7,1,0,0,9
COUNT,nuts,nuts,52,8,0,0,0,0,8
COUNT,rwm,rwm,27326,4,0,0,0,0,4
COUNT,rwm1984,rwm1984,3874,15,9,0,0,0,15
COUNT,rwm5yr,rwm5yr,19609,17,9,0,0,0,17
COUNT,ships,ships,40,7,4,0,0,0,7
COUNT,smoking,smoking,6,4,2,0,0,0,4
COUNT,titanic,titanic,1316,4,3,0,4,0,0
COUNT,titanicgrp,titanicgrp,12,5,2,0,0,0,5
DAAG,ACF1,Aberrant Crypt Foci in Rat Colons,22,2,0,0,0,0,2
DAAG,ais,Australian athletes data set,202,13,1,0,2,0,11
DAAG,allbacks,Measurements on a Selection of Books,15,4,1,0,1,0,3
DAAG,anesthetic,Anesthetic Effectiveness,30,4,2,0,0,0,4
DAAG,ant111b,"Averages by block of corn yields, for treatment 111 only",32,9,0,0,2,0,7
DAAG,antigua,Averages by block of yields for the Antigua Corn data,288,7,0,0,3,0,4
DAAG,appletaste,Tasting experiment that compared four apple varieties,60,3,0,0,2,0,1
DAAG,aulatlong,Latitudes and longitudes for ten Australian cities,10,2,0,0,0,0,2
DAAG,austpop,Population figures for Australian States and Territories,9,10,0,0,0,0,10
DAAG,biomass,Biomass Data,153,8,0,0,2,0,6
DAAG,bomregions,"Australian and Related Historical Annual Climate Data, by region",109,22,0,0,0,0,22
DAAG,bomregions2011,"Australian and Related Historical Annual Climate Data, by region",112,22,0,0,0,0,22
DAAG,bomregions2012,"Australian and Related Historical Annual Climate Data, by region",113,22,0,0,0,0,22
DAAG,bomsoi,Southern Oscillation Index Data,106,21,0,0,0,0,21
DAAG,bomsoi2001,Southern Oscillation Index Data,102,15,0,0,0,0,15
DAAG,bostonc,Boston Housing Data - Corrected,517,1,0,0,1,0,0
DAAG,carprice,US Car Price Data,48,9,0,0,1,0,8
DAAG,Cars93.summary,A Summary of the Cars93 Data set,6,4,0,0,1,0,3
DAAG,cerealsugar,Percentage of Sugar in Breakfast Cereal,100,1,0,0,0,0,1
DAAG,cfseal,Cape Fur Seal Data,30,11,0,0,0,0,11
DAAG,cities,Populations of Major Canadian Cities (1992-96),25,7,0,0,2,0,5
DAAG,codling,"Dose-mortality data, for fumigation of codling moth with methyl bromide",99,10,1,1,1,0,8
DAAG,cottonworkers,Occupation and wage profiles of British cotton workers,14,3,0,0,0,0,3
DAAG,cps1,Labour Training Evaluation Data,15992,10,4,0,0,0,10
DAAG,cps2,Labour Training Evaluation Data,2369,10,4,0,0,0,10
DAAG,cps3,Labour Training Evaluation Data,429,10,4,0,0,0,10
DAAG,cricketer,Lifespans of UK 1st class cricketers born 1840-1960,5960,8,5,0,2,0,6
DAAG,cuckoohosts,Comparison of cuckoo eggs with host eggs,10,12,0,0,0,0,12
DAAG,cuckoos,Cuckoo Eggs Data,120,4,0,0,1,0,3
DAAG,dengue,"Dengue prevalence, by administrative region",2000,13,1,0,0,0,13
DAAG,dewpoint,Dewpoint Data,72,3,0,0,0,0,3
DAAG,droughts,Periods Between Rain Events,2042,2,0,0,1,0,1
DAAG,edcCO2,EPICA Dome C Ice Core 800KYr Carbon Dioxide Data,1096,2,0,0,0,0,2
DAAG,edcT,EPICA Dome C Ice Core 800KYr Temperature Estimates,5788,5,0,0,0,0,5
DAAG,elastic1,Elastic Band Data Replicated,7,2,0,0,0,0,2
DAAG,elastic2,Elastic Band Data Replicated Again,9,2,0,0,0,0,2
DAAG,elasticband,Elastic Band Data,7,2,0,0,0,0,2
DAAG,fossilfuel,Fossil Fuel Data,5,2,0,0,0,0,2
DAAG,fossum,Female Possum Measurements,43,14,1,0,2,0,12
DAAG,frogs,Frogs Data,212,10,1,0,0,0,10
DAAG,frostedflakes,Frosted Flakes data,100,2,0,0,0,0,2
DAAG,fruitohms,Electrical Resistance of Kiwi Fruit,128,2,0,0,0,0,2
DAAG,gaba,Effect of pentazocine on post-operative pain (average VAS scores),9,7,0,0,0,0,7
DAAG,geophones,Seismic Timing Data,56,2,0,0,0,0,2
DAAG,greatLakes,Yearly averages of Great Lake heights: 1918 - 2009,92,4,0,0,0,0,4
DAAG,grog,Alcohol consumption in Australia and New Zealand,18,5,1,0,1,0,4
DAAG,head.injury,Minor Head Injury (Simulated) Data,3121,11,11,0,0,0,11
DAAG,headInjury,Minor Head Injury (Simulated) Data,3121,11,11,0,0,0,11
DAAG,hills,Scottish Hill Races Data,35,3,0,0,0,0,3
DAAG,hills2000,Scottish Hill Races Data - 2000,56,4,0,0,0,0,4
DAAG,hotspots,Hawaian island chain hotspot Potassium-Argon ages,35,6,0,3,0,0,3
DAAG,hotspots2006,Hawaian island chain hotspot Argon-Argon ages,10,6,1,0,0,0,6
DAAG,houseprices,Aranda House Prices,15,3,0,0,0,0,3
DAAG,humanpower1,"Oxygen uptake versus mechanical power, for humans",28,3,0,0,1,0,2
DAAG,humanpower2,"Oxygen uptake versus mechanical power, for humans",26,3,0,0,1,0,2
DAAG,hurricNamed,Named US Atlantic Hurricanes,94,12,1,2,1,0,8
DAAG,intersalt,Blood pressure versus Salt; inter-population data,52,4,0,1,0,0,3
DAAG,ironslag,Iron Content Measurements,53,2,0,0,0,0,2
DAAG,jobs,Canadian Labour Force Summary Data (1995-96),24,7,0,0,0,0,7
DAAG,kiwishade,Kiwi Shading Data,48,4,0,0,3,0,1
DAAG,leafshape,Full Leaf Shape Data Set,286,9,1,0,1,0,8
DAAG,leafshape17,Subset of Leaf Shape Data Set,61,8,1,0,0,0,8
DAAG,leaftemp,Leaf and Air Temperature Data,62,4,0,0,1,0,3
DAAG,leaftemp.all,Full Leaf and Air Temperature Data Set,62,9,0,0,3,0,6
DAAG,litters,Mouse Litters,20,3,0,0,0,0,3
DAAG,Lottario,Ontario Lottery Data,39,2,0,0,0,0,2
DAAG,lung,Cape Fur Seal Lung Measurements,30,1,0,0,0,0,1
DAAG,Manitoba.lakes,The Nine Largest Lakes in Manitoba,9,2,0,0,0,0,2
DAAG,measles,Deaths in London from measles,311,2,0,0,0,0,2
DAAG,medExpenses,Family Medical Expenses,33,2,0,0,0,0,2
DAAG,mifem,Mortality Outcomes for Females Suffering Myocardial Infarction,1295,10,1,0,8,0,2
DAAG,mignonette,Darwin's Wild Mignonette Data,24,2,0,0,0,0,2
DAAG,milk,Milk Sweetness Study,17,2,0,0,0,0,2
DAAG,modelcars,Model Car Data,12,2,0,0,0,0,2
DAAG,monica,WHO Monica Data,6367,12,3,0,10,0,2
DAAG,moths,Moths Data,41,4,0,0,1,0,3
DAAG,nassCDS,Airbag and other influences on accident fatalities,26217,15,7,3,5,0,7
DAAG,nasshead,Documentation of names of columns in nass9702cor,56,3,0,3,0,0,0
DAAG,nihills,Record times for Northern Ireland mountain running events,23,4,0,0,0,0,4
DAAG,nsw74demo,Labour Training Evaluation Data,445,10,5,0,0,0,10
DAAG,nsw74psid1,Labour Training Evaluation Data,2675,10,5,0,0,0,10
DAAG,nsw74psid3,Labour Training Evaluation Data,313,10,5,0,0,0,10
DAAG,nsw74psidA,A Subset of the nsw74psid1 Data Set,252,10,5,0,0,0,10
DAAG,nswdemo,Labour Training Evaluation Data,722,10,5,0,0,0,10
DAAG,nswpsid1,Labour Training Evaluation Data,2787,10,5,0,0,0,10
DAAG,oddbooks,Measurements on 12 books,12,4,0,0,0,0,4
DAAG,orings,Challenger O-rings Data,23,4,1,0,0,0,4
DAAG,ozone,Ozone Data,45,11,0,0,0,0,11
DAAG,pair65,Heated Elastic Bands,9,2,0,0,0,0,2
DAAG,possum,Possum Measurements,104,14,2,0,2,0,12
DAAG,possumsites,Possum Sites,7,3,0,0,0,0,3
DAAG,poxetc,"Deaths from various causes, in London from 1629 till 1881, with gaps",253,5,0,0,0,0,5
DAAG,primates,Primate Body and Brain Weights,5,2,0,0,0,0,2
DAAG,progression,"Progression of Record times for track races, 1912 - 2008",227,4,0,1,0,0,3
DAAG,psid1,Labour Training Evaluation Data,2490,10,4,0,0,0,10
DAAG,psid2,Labour Training Evaluation Data,253,10,4,0,0,0,10
DAAG,psid3,Labour Training Evaluation Data,128,10,4,0,0,0,10
DAAG,races2000,Scottish Hill Races Data - 2000,77,5,0,1,0,0,4
DAAG,rainforest,Rainforest Data,65,7,0,0,1,0,6
DAAG,rareplants,Rare and Endangered Plant Species,4,3,0,0,0,0,3
DAAG,rice,Genetically Modified and Wild Type Rice Data,72,7,2,0,3,0,4
DAAG,rockArt,Pacific Rock Art features,103,641,624,13,0,0,628
DAAG,roller,Lawn Roller Data,10,2,0,0,0,0,2
DAAG,science,School Science Survey Data,1385,7,3,0,6,0,1
DAAG,seedrates,Barley Seeding Rate Data,5,2,0,0,0,0,2
DAAG,socsupport,Social Support Data,95,20,3,0,8,0,12
DAAG,softbacks,Measurements on a Selection of Paperback Books,8,2,0,0,0,0,2
DAAG,sorption,sorption data set,192,14,0,0,5,0,9
DAAG,SP500close,Closing Numbers for S and P 500 Index,2780,1,0,0,0,0,1
DAAG,SP500W90,Closing Numbers for S and P 500 Index - First 100 Days of 1990,100,2,0,0,0,0,2
DAAG,spam7,Spam E-mail Data,4601,7,1,0,1,0,6
DAAG,stVincent,Averages by block of yields for the St. Vincent Corn data,324,8,0,0,2,0,6
DAAG,sugar,Sugar Data,12,2,0,0,1,0,1
DAAG,tinting,Car Window Tinting Experiment Data,182,9,3,0,4,0,5
DAAG,tomato,Root weights of tomato plants exposed to 4 different treatments,24,2,0,0,1,0,1
DAAG,toycars,Toy Cars Data,27,3,0,0,0,0,3
DAAG,vince111b,"Averages by block of corn yields, for treatment 111 only",36,8,0,0,2,0,6
DAAG,vlt,Video Lottery Terminal Data,345,5,1,0,0,0,5
DAAG,wages1833,Wages of Lancashire Cotton Factory Workers in 1833,51,5,0,0,0,0,5
DAAG,whoops,"Deaths from whooping cough, in London",142,3,0,0,0,0,3
DAAG,worldRecords,"Record times for track and road races, at August 9th 2006",40,5,1,1,1,0,2
datasets,ability.cov,Ability and Intelligence Tests,6,8,0,0,0,0,8
datasets,airmiles,"Passenger Miles on Commercial US Airlines, 1937-1960",24,2,0,0,0,0,2
datasets,AirPassengers,Monthly Airline Passenger Numbers 1949-1960,144,2,0,0,0,0,2
datasets,airquality,New York Air Quality Measurements,153,6,0,0,0,0,6
datasets,anscombe,Anscombe's Quartet of 'Identical' Simple Linear Regressions,11,8,1,0,0,0,8
datasets,attenu,The Joyner-Boore Attenuation Data,182,5,0,0,1,0,4
datasets,attitude,The Chatterjee-Price Attitude Data,30,7,0,0,0,0,7
datasets,austres,Quarterly Time Series of the Number of Australian Residents,89,2,0,0,0,0,2
datasets,BJsales,Sales Data with Leading Indicator,150,2,0,0,0,0,2
datasets,BOD,Biochemical Oxygen Demand,6,2,0,0,0,0,2
datasets,cars,Speed and Stopping Distances of Cars,50,2,0,0,0,0,2
datasets,ChickWeight,Weight versus age of chicks on different diets,578,4,0,0,2,0,2
datasets,chickwts,Chicken Weights by Feed Type,71,2,0,0,1,0,1
datasets,co2,Mauna Loa Atmospheric CO2 Concentration,468,2,0,0,0,0,2
datasets,CO2,Carbon Dioxide Uptake in Grass Plants,84,5,2,0,3,0,2
datasets,crimtab,Student's 3000 Criminals Data,924,3,0,0,2,0,1
datasets,discoveries,Yearly Numbers of Important Discoveries,100,2,0,0,0,0,2
datasets,DNase,Elisa assay of DNase,176,3,0,0,1,0,2
datasets,esoph,"Smoking, Alcohol and (O)esophageal Cancer",88,5,0,0,3,0,2
datasets,euro,Conversion Rates of Euro Currencies,11,1,0,0,0,0,1
datasets,EuStockMarkets,"Daily Closing Prices of Major European Stock Indices, 1991-1998",1860,4,0,0,0,0,4
datasets,faithful,Old Faithful Geyser Data,272,2,0,0,0,0,2
datasets,Formaldehyde,Determination of Formaldehyde,6,2,0,0,0,0,2
datasets,freeny,Freeny's Revenue Data,39,5,0,0,0,0,5
datasets,HairEyeColor,Hair and Eye Color of Statistics Students,32,4,1,0,3,0,1
datasets,Harman23.cor,Harman Example 2.3,8,10,0,0,0,0,10
datasets,Harman74.cor,Harman Example 7.4,24,26,0,0,0,0,26
datasets,Indometh,Pharmacokinetics of Indomethacin,66,3,0,0,1,0,2
datasets,infert,Infertility after Spontaneous and Induced Abortion,248,8,1,0,1,0,7
datasets,InsectSprays,Effectiveness of Insect Sprays,72,2,0,0,1,0,1
datasets,iris,Edgar Anderson's Iris Data,150,5,0,0,1,0,4
datasets,iris3,Edgar Anderson's Iris Data,50,12,0,0,0,0,12
datasets,islands,Areas of the World's Major Landmasses,48,1,0,0,0,0,1
datasets,JohnsonJohnson,Quarterly Earnings per Johnson & Johnson Share,84,2,0,0,0,0,2
datasets,LakeHuron,Level of Lake Huron 1875-1972,98,2,0,0,0,0,2
datasets,lh,Luteinizing Hormone in Blood Samples,48,2,0,0,0,0,2
datasets,LifeCycleSavings,Intercountry Life-Cycle Savings Data,50,5,0,0,0,0,5
datasets,Loblolly,Growth of Loblolly pine trees,84,3,0,0,1,0,2
datasets,longley,Longley's Economic Regression Data,16,7,0,0,0,0,7
datasets,lynx,Annual Canadian Lynx trappings 1821-1934,114,2,0,0,0,0,2
datasets,morley,Michelson Speed of Light Data,100,3,0,0,0,0,3
datasets,mtcars,Motor Trend Car Road Tests,32,11,2,0,0,0,11
datasets,nhtemp,Average Yearly Temperatures in New Haven,60,2,0,0,0,0,2
datasets,Nile,Flow of the River Nile,100,2,0,0,0,0,2
datasets,nottem,"Average Monthly Temperatures at Nottingham, 1920-1939",240,2,0,0,0,0,2
datasets,npk,"Classical N, P, K Factorial Experiment",24,5,3,0,4,0,1
datasets,occupationalStatus,Occupational Status of Fathers and their Sons,64,3,0,0,2,0,1
datasets,Orange,Growth of Orange Trees,35,3,0,0,1,0,2
datasets,OrchardSprays,Potency of Orchard Sprays,64,4,0,0,1,0,3
datasets,PlantGrowth,Results from an Experiment on Plant Growth,30,2,0,0,1,0,1
datasets,precip,Annual Precipitation in US Cities,70,1,0,0,0,0,1
datasets,presidents,Quarterly Approval Ratings of US Presidents,120,2,0,0,0,0,2
datasets,pressure,Vapor Pressure of Mercury as a Function of Temperature,19,2,0,0,0,0,2
datasets,Puromycin,Reaction Velocity of an Enzymatic Reaction,23,3,1,0,1,0,2
datasets,quakes,Locations of Earthquakes off Fiji,1000,5,0,0,0,0,5
datasets,randu,Random Numbers from Congruential Generator RANDU,400,3,0,0,0,0,3
datasets,rivers,Lengths of Major North American Rivers,141,1,0,0,0,0,1
datasets,rock,Measurements on Petroleum Rock Samples,48,4,0,0,0,0,4
datasets,Seatbelts,Road Casualties in Great Britain 1969-84,192,8,1,0,0,0,8
datasets,sleep,Student's Sleep Data,20,3,1,0,2,0,1
datasets,stackloss,Brownlee's Stack Loss Plant Data,21,4,0,0,0,0,4
datasets,sunspot.month,"Monthly Sunspot Data, from 1749 to ""Present""",3177,2,0,0,0,0,2
datasets,sunspot.year,"Yearly Sunspot Data, 1700-1988",289,2,0,0,0,0,2
datasets,sunspots,"Monthly Sunspot Numbers, 1749-1983",2820,2,0,0,0,0,2
datasets,swiss,Swiss Fertility and Socioeconomic Indicators (1888) Data,47,6,0,0,0,0,6
datasets,Theoph,Pharmacokinetics of Theophylline,132,5,0,0,1,0,4
datasets,Titanic,Survival of passengers on the Titanic,32,5,3,0,4,0,1
datasets,ToothGrowth,The Effect of Vitamin C on Tooth Growth in Guinea Pigs,60,3,1,0,1,0,2
datasets,treering,"Yearly Treering Data, -6000-1979",7980,2,0,0,0,0,2
datasets,trees,"Girth, Height and Volume for Black Cherry Trees",31,3,0,0,0,0,3
datasets,UCBAdmissions,Student Admissions at UC Berkeley,24,4,2,0,3,0,1
datasets,UKDriverDeaths,Road Casualties in Great Britain 1969-84,192,2,0,0,0,0,2
datasets,UKgas,UK Quarterly Gas Consumption,108,2,0,0,0,0,2
datasets,USAccDeaths,Accidental Deaths in the US 1973-1978,72,2,0,0,0,0,2
datasets,USArrests,Violent Crime Rates by US State,50,4,0,0,0,0,4
datasets,USJudgeRatings,Lawyers' Ratings of State Judges in the US Superior Court,43,12,0,0,0,0,12
datasets,USPersonalExpenditure,Personal Expenditure Data,5,5,0,0,0,0,5
datasets,uspop,Populations Recorded by the US Census,19,2,0,0,0,0,2
datasets,VADeaths,Death Rates in Virginia (1940),5,4,0,0,0,0,4
datasets,volcano,Topographic Information on Auckland's Maunga Whau Volcano,87,61,0,0,0,0,61
datasets,warpbreaks,The Number of Breaks in Yarn during Weaving,54,3,1,0,2,0,1
datasets,women,Average Heights and Weights for American Women,15,2,0,0,0,0,2
datasets,WorldPhones,The World's Telephones,7,7,0,0,0,0,7
datasets,WWWusage,Internet Usage per Minute,100,2,0,0,0,0,2
drc,acidiq,Acifluorfen and diquat tested on Lemna minor.,180,3,0,0,0,0,3
drc,algae,Volume of algae as function of increasing concentrations of a herbicide,14,2,0,0,0,0,2
drc,auxins,Effect of technical grade and commercially formulated auxin herbicides,150,5,0,0,0,0,5
drc,chickweed,Germination of common chickweed (_Stellaria media_),35,3,0,0,0,0,3
drc,chickweed0,Germination of common chickweed (_Stellaria media_),34,2,0,0,0,0,2
drc,daphnids,Daphnia test,16,4,1,0,1,0,3
drc,decontaminants,Performance of decontaminants used in the culturing of a micro-organism,128,3,1,0,1,0,2
drc,deguelin,Deguelin applied to chrysanthemum aphis,6,4,0,0,0,0,4
drc,earthworms,Earthworm toxicity test,35,3,0,0,0,0,3
drc,etmotc,Effect of erythromycin on mixed sewage microorganisms,57,4,0,0,0,0,4
drc,finney71,Example from Finney (1971),6,3,0,0,0,0,3
drc,G.aparine,Herbicide applied to Galium aparine,240,3,1,0,1,0,2
drc,germination,Germination of three crops,192,5,0,0,1,0,4
drc,glymet,Glyphosate and metsulfuron-methyl tested on algae.,113,3,0,0,0,0,3
drc,H.virescens,Mortality of tobacco budworms,12,4,1,0,1,0,3
drc,heartrate,Heart rate baroreflexes for rabbits,18,2,0,0,0,0,2
drc,leaflength,Leaf length of barley,42,2,0,0,0,0,2
drc,lepidium,Dose-response profile of degradation of agrochemical using lepidium,42,2,0,0,0,0,2
drc,lettuce,Hormesis in lettuce plants,14,2,0,0,0,0,2
drc,M.bahia,Effect of an effluent on the growth of mysid shrimp,40,2,0,0,0,0,2
drc,mecter,Mechlorprop and terbythylazine tested on Lemna minor,102,3,0,0,0,0,3
drc,metals,Data from heavy metal mixture experiments,543,3,0,0,1,0,2
drc,methionine,Weight gain for different methionine sources,9,3,0,0,1,0,2
drc,nasturtium,Dose-response profile of degradation of agrochemical using nasturtium,42,2,0,0,0,0,2
drc,O.mykiss,Test data from a 21 day fish test,70,2,0,0,0,0,2
drc,P.promelas,Effect of sodium pentachlorophenate on growth of fathead minnow,24,2,0,0,0,0,2
drc,RScompetition,Competition between two biotypes,49,3,0,0,0,0,3
drc,ryegrass,Effect of ferulic acid on growth of ryegrass,24,2,0,0,0,0,2
drc,S.alba,Potency of two herbicides,68,3,1,0,1,0,2
drc,S.capricornutum,Effect of cadmium on growth of green alga,18,2,0,0,0,0,2
drc,secalonic,Root length measurements,7,2,0,0,0,0,2
drc,selenium,Data from toxicology experiments with selenium,25,4,0,0,0,0,4
drc,spinach,Inhibition of photosynthesis,105,4,1,0,1,0,3
drc,terbuthylazin,The effect of terbuthylazin on growth rate,30,2,0,0,0,0,2
drc,vinclozolin,Vinclozolin from AR in vitro assay,53,3,0,0,1,0,2
Ecdat,Accident,Ship Accidents,40,5,1,0,3,0,2
Ecdat,Airline,Cost for U.S. Airlines,90,6,0,0,0,0,6
Ecdat,Airq,Air Quality for Californian Metropolitan Areas,30,6,1,0,1,0,5
Ecdat,bankingCrises,Countries in Banking Crises,211,71,69,0,0,0,71
Ecdat,Benefits,Unemployment of Blue Collar Workers,4877,18,9,0,11,0,7
Ecdat,Bids,Bids Received By U.S. Firms,126,12,5,0,0,0,12
Ecdat,breaches,Cyber Security Breaches,1055,13,0,2,5,0,3
Ecdat,BudgetFood,Budget Share of Food for Spanish Households,23972,6,1,0,1,0,5
Ecdat,BudgetItaly,Budget Shares for Italian Households,1729,11,0,0,0,0,11
Ecdat,BudgetUK,Budget Shares of British Households,1519,10,1,0,0,0,10
Ecdat,Bwages,Wages in Belgium,1472,4,0,0,1,0,3
Ecdat,Capm,Stock Market Data,516,5,0,0,0,0,5
Ecdat,Car,Stated Preferences for Car Choice,4654,70,13,0,13,0,57
Ecdat,Caschool,The California Test Score Data Set,420,17,1,0,3,0,14
Ecdat,Catsup,Choice of Brand for Catsup,2798,14,8,0,1,0,13
Ecdat,Cigar,Cigarette Consumption,1380,9,0,0,0,0,9
Ecdat,Cigarette,The Cigarette Consumption Panel Data Set,528,9,0,0,1,0,8
Ecdat,Clothing,Sales Data of Men's Fashion Stores,400,13,0,0,0,0,13
Ecdat,Computers,Prices of Personal Computers,6259,10,3,0,3,0,7
Ecdat,Consumption,Quarterly Data on Consumption and Expenditure,200,2,0,0,0,0,2
Ecdat,CPSch3,Earnings from the Current Population Survey,11130,3,1,0,1,0,2
Ecdat,Cracker,Choice of Brand for Crakers,3292,14,8,0,1,0,13
Ecdat,CRANpackages,Growth of CRAN,29,4,0,0,2,0,1
Ecdat,Crime,Crime in North Carolina,630,24,1,0,2,0,22
Ecdat,CRSPday,Daily Returns from the CRSP Database,2528,7,0,0,0,0,7
Ecdat,CRSPmon,Monthly Returns from the CRSP Database,360,4,0,0,0,0,4
Ecdat,Diamond,Pricing the C's of Diamond Stones,308,5,0,0,3,0,2
Ecdat,DM,DM Dollar Exchange Rate,778,4,0,0,0,0,4
Ecdat,Doctor,Number of Doctor Visits,485,4,0,0,0,0,4
Ecdat,DoctorAUS,Doctor Visits in Australia,5190,15,1,0,2,0,13
Ecdat,DoctorContacts,Contacts With Medical Doctor,20186,15,5,0,2,4,9
Ecdat,Earnings,Earnings for Three Age Groups,4266,2,0,0,1,0,1
Ecdat,Electricity,Cost Function for Electricity Producers,158,8,0,0,0,0,8
Ecdat,Fair,Extramarital Affairs Data,601,9,2,0,2,0,7
Ecdat,Fatality,Drunk Driving Laws and Traffic Deaths,336,10,2,0,2,0,8
Ecdat,Fishing,Choice of Fishing Mode,1182,12,0,0,1,0,11
Ecdat,Forward,Exchange Rates of US Dollar Against Other Currencies,276,9,0,0,0,0,9
Ecdat,FriendFoe,Data from the Television Game Show Friend Or Foe ?,227,13,7,0,8,0,5
Ecdat,Garch,Daily Observations on Exchange Rates of the US Dollar Against Other Currencies,1867,8,0,1,0,0,7
Ecdat,Gasoline,Gasoline Consumption,342,6,0,0,1,0,5
Ecdat,Griliches,Wage Datas,758,20,6,0,6,0,14
Ecdat,Grunfeld,Grunfeld Investment Data,200,5,0,0,0,0,5
Ecdat,HC,Heating and Cooling System Choice in Newly Built Houses in California,250,18,0,0,1,0,17
Ecdat,Hdma,The Boston HMDA Data Set,2381,13,7,0,6,0,7
Ecdat,Heating,Heating System Choice in California Houses,900,21,0,0,2,0,19
Ecdat,Hedonic,Hedonic Prices of Census Tracts in Boston,506,15,1,0,1,0,14
Ecdat,HHSCyberSecurityBreaches,Cybersecurity breaches reported to the US Department of Health and Human Services,1151,9,1,2,4,1,1
Ecdat,HI,Health Insurance and Hours Worked By Wives,22272,13,4,0,7,0,6
Ecdat,Hmda,The Boston HMDA Data Set,2381,13,7,0,6,0,7
Ecdat,Housing,Sales Prices of Houses in the City of Windsor,546,12,6,0,6,0,6
Ecdat,Hstarts,Housing Starts,168,2,0,0,0,0,2
Ecdat,Icecream,Ice Cream Consumption,30,4,0,0,0,0,4
Ecdat,incidents.byCountryYr,Global Terrorism Database yearly summaries,9270,3,0,0,2,0,1
Ecdat,incomeInequality,Income Inequality in the US,66,22,0,0,0,0,22
Ecdat,IncomeUK,Seasonally Unadjusted Quarterly Data on Disposable Income and Expenditure,58,2,0,0,0,0,2
Ecdat,Irates,Monthly Interest Rates,531,10,0,0,0,0,10
Ecdat,Journals,Economic Journals Dat Set,180,10,1,0,4,0,6
Ecdat,Kakadu,Willingness to Pay for the Preservation of the Kakadu National Park,1827,22,5,0,6,0,16
Ecdat,Ketchup,Choice of Brand for Ketchup,4956,7,0,0,1,0,6
Ecdat,Klein,Klein's Model I,22,9,0,0,0,0,9
Ecdat,LaborSupply,Wages and Hours Worked,5320,7,1,0,0,0,7
Ecdat,Labour,Belgian Firms,569,4,0,0,0,0,4
Ecdat,Longley,The Longley Data,16,4,0,0,0,0,4
Ecdat,LT,Dollar Sterling Exchange Rate,200,3,0,0,0,0,3
Ecdat,Macrodat,Macroeconomic Time Series for the United States,168,7,0,0,0,0,7
Ecdat,Males,Wages and Education of Young Males,4360,12,3,0,7,0,5
Ecdat,ManufCost,Manufacturing Costs,25,9,0,0,0,0,9
Ecdat,Mathlevel,Level of Calculus Attained for Students Taking Advanced Micro-economics,609,8,2,0,4,0,4
Ecdat,MCAS,The Massachusetts Test Score Data Set,220,17,0,0,2,0,15
Ecdat,MedExp,Structure of Demand for Medical Care,5574,15,5,0,6,0,9
Ecdat,Metal,Production for SIC 33,27,3,0,0,0,0,3
Ecdat,Mishkin,Inflation and Interest Rates,491,5,0,0,0,0,5
Ecdat,Mode,Mode Choice,453,9,0,0,1,0,8
Ecdat,ModeChoice,Data to Study Travel Mode Choice,840,7,1,0,0,0,7
Ecdat,Mofa,"International Expansion of U.S. Mofa's (majority-owned Foreign Affiliates in Fire (finance, Insurance and Real Estate)",50,5,0,0,1,0,4
Ecdat,Money,"Money, GDP and Interest Rate in Canada",128,4,0,0,0,0,4
Ecdat,MoneyUS,Macroeconomic Series for the United States,164,5,0,0,0,0,5
Ecdat,Mpyr,"Money, National Product and Interest Rate",90,4,0,0,0,0,4
Ecdat,Mroz,Labor Supply Data,753,18,2,0,2,0,16
Ecdat,MunExp,Municipal Expenditure Data,2385,5,0,0,0,0,5
Ecdat,MW,Growth of Disposable Income and Treasury Bill Rate,50,2,0,0,0,0,2
Ecdat,NaturalPark,Willingness to Pay for the Preservation of the Alentejo Natural Park,312,7,1,0,2,0,5
Ecdat,Nerlove,"Cost Function for Electricity Producers, 1955",159,8,0,0,0,0,8
Ecdat,nkill.byCountryYr,Global Terrorism Database yearly summaries,206,45,0,0,0,0,45
Ecdat,nonEnglishNames,Names with Character Set Problems,11,2,0,0,2,0,0
Ecdat,OFP,Visits to Physician Office,4406,19,7,0,8,0,11
Ecdat,Oil,Oil Investment,53,11,0,0,0,0,11
Ecdat,Orange,The Orange Juice Data Set,642,3,0,0,0,0,3
Ecdat,Participation,Labor Force Participation,872,7,2,0,2,0,5
Ecdat,PatentsHGH,Dynamic Relation Between Patents and R&D,1730,18,1,0,1,0,17
Ecdat,PatentsRD,"Patents, R&D and Technological Spillovers for a Panel of Firms",1629,7,0,0,0,0,7
Ecdat,PE,Price and Earnings Index,132,2,0,0,0,0,2
Ecdat,politicalKnowledge,Political knowledge in the US and Europe,4,12,0,1,0,0,11
Ecdat,Pound,Pound-dollar Exchange Rate,778,4,0,0,0,0,4
Ecdat,PPP,Exchange Rates and Price Indices for France and Italy,186,5,0,0,0,0,5
Ecdat,Pricing,Returns of Size-based Portfolios,418,12,0,0,0,0,12
Ecdat,Produc,Us States Production,816,10,0,0,1,0,9
Ecdat,PSID,Panel Survey of Income Dynamics,4856,8,0,0,1,0,7
Ecdat,RetSchool,Return to Schooling,5225,17,9,0,0,0,17
Ecdat,Schooling,Wages and Schooling,3010,28,16,0,17,0,11
Ecdat,Solow,Solow's Technological Change Data,41,3,0,0,0,0,3
Ecdat,Somerville,Visits to Lake Somerville,659,8,2,0,2,0,6
Ecdat,SP500,Returns on Standard & Poor's 500 Index,2783,1,0,0,0,0,1
Ecdat,Star,Effects on Learning of Small Class Sizes,5748,8,2,0,4,0,4
Ecdat,Strike,Strike Duration Data,62,2,0,0,0,0,2
Ecdat,StrikeDur,Strikes Duration,566,2,0,0,0,0,2
Ecdat,StrikeNb,Number of Strikes in Us Manufacturing,108,3,0,0,0,0,3
Ecdat,SumHes,The Penn Table,3250,7,2,0,3,0,4
Ecdat,Tbrate,"Interest Rate, GDP and Inflation",188,3,0,0,0,0,3
Ecdat,terrorism,Global Terrorism Database yearly summaries,46,25,0,1,1,0,23
Ecdat,Tobacco,Households Tobacco Budget Share,2724,9,0,0,2,0,7
Ecdat,Train,Stated Preferences for Train Traveling,2929,11,1,0,1,0,10
Ecdat,TranspEq,Statewide Data on Transportation Equipment Manufacturing,25,5,0,0,1,0,4
Ecdat,Treatment,Evaluating Treatment Effect of Training on Earnings,2675,10,4,0,1,4,5
Ecdat,Tuna,Choice of Brand for Tuna,13705,8,0,0,1,0,7
Ecdat,UnempDur,Unemployment Duration,3343,11,5,0,1,0,10
Ecdat,Unemployment,Unemployment Duration,452,12,9,0,5,0,7
Ecdat,University,Provision of University Teaching and Research,62,17,0,0,0,0,17
Ecdat,USclassifiedDocuments,Official Secrecy of the United States Government,29,5,0,0,0,0,5
Ecdat,USFinanceIndustry,US Finance Industry Profits,84,7,0,0,0,0,7
Ecdat,USGDPpresidents,US GDP per capita with presidents and wars,259,12,1,0,3,0,9
Ecdat,USstateAbbreviations,Standard abbreviations for states of the United States,76,10,0,10,0,0,0
Ecdat,UStaxWords,Number of Words in US Tax Law,7,10,0,0,0,0,10
Ecdat,VietNamH,Medical Expenses in Viet-nam (household Level),5999,11,3,0,4,0,7
Ecdat,VietNamI,Medical Expenses in Viet-nam (individual Level),27765,12,4,0,1,0,11
Ecdat,Wages,Panel Datas of Individual Wages,4165,12,8,0,7,0,5
Ecdat,Wages1,"Wages, Experience and Schooling",3294,4,1,0,1,0,3
Ecdat,Workinghours,Wife Working Hours,3382,12,3,0,1,0,11
Ecdat,Yen,Yen-dollar Exchange Rate,778,4,0,0,0,0,4
Ecdat,Yogurt,Choice of Brand for Yogurts,2412,10,4,0,1,0,9
evir,bmw,Daily Log Returns on BMW Share Price,6146,1,0,0,0,0,1
evir,danish,Danish Fire Insurance Claims,2167,1,0,0,0,0,1
evir,nidd.annual,The River Nidd Data,35,1,0,0,0,0,1
evir,nidd.thresh,The River Nidd Data,154,1,0,0,0,0,1
evir,siemens,Daily Log Returns on Siemens Share Price,6146,1,0,0,0,0,1
evir,sp.raw,SP Data to June 1993,8415,1,0,0,0,0,1
evir,spto87,SP Return Data to October 1987,6985,1,0,0,0,0,1
forecast,gas,Australian monthly gas production,476,2,0,0,0,0,2
forecast,gold,Daily morning gold prices,1108,2,0,0,0,0,2
forecast,taylor,Half-hourly electricity demand,4032,1,0,0,0,0,1
forecast,wineind,Australian total wine sales,176,2,0,0,0,0,2
forecast,woolyrnq,Quarterly production of woollen yarn in Australia,119,2,0,0,0,0,2
fpp2,a10,Monthly anti-diabetic drug sales in Australia from 1991 to 2008.,204,2,0,0,0,0,2
fpp2,arrivals,International Arrivals to Australia,127,4,0,0,0,0,4
fpp2,ausair,Air Transport Passengers Australia,47,2,0,0,0,0,2
fpp2,ausbeer,Quarterly Australian Beer production,218,2,0,0,0,0,2
fpp2,auscafe,Monthly expenditure on eating out in Australia,426,2,0,0,0,0,2
fpp2,austa,International visitors to Australia,36,2,0,0,0,0,2
fpp2,austourists,International Tourists to Australia: Total visitor nights.,68,2,0,0,0,0,2
fpp2,calls,Call volume for a large North American bank,27716,1,0,0,0,0,1
fpp2,debitcards,Retail debit card usage in Iceland.,164,2,0,0,0,0,2
fpp2,departures,Total monthly departures from Australia,498,5,0,0,0,0,5
fpp2,elecdaily,"Half-hourly and daily electricity demand for Victoria, Australia, in 2014",365,3,1,0,0,0,3
fpp2,elecdemand,"Half-hourly and daily electricity demand for Victoria, Australia, in 2014",17520,3,1,0,0,0,3
fpp2,elecequip,Electrical equipment manufactured in the Euro area.,195,2,0,0,0,0,2
fpp2,elecsales,Electricity sales to residential customers in South Australia.,20,2,0,0,0,0,2
fpp2,euretail,Quarterly retail trade: Euro area.,64,2,0,0,0,0,2
fpp2,gasoline,US finished motor gasoline product supplied.,1355,2,0,0,0,0,2
fpp2,goog,Daily closing stock prices of Google Inc,1000,2,0,0,0,0,2
fpp2,goog200,Daily closing stock prices of Google Inc,200,2,0,0,0,0,2
fpp2,guinearice,Rice production (Guinea),42,2,0,0,0,0,2
fpp2,h02,Monthly corticosteroid drug sales in Australia from July 1991 to June 2008.,204,2,0,0,0,0,2
fpp2,hyndsight,Daily pageviews for the Hyndsight blog. 30 April 2014 to 29 April 2015.,365,2,0,0,0,0,2
fpp2,insurance,Insurance quotations and advertising expenditure.,40,2,0,0,0,0,2
fpp2,livestock,"Livestock (sheep) in Asia, 1961-2007.",47,2,0,0,0,0,2
fpp2,marathon,Boston marathon winning times since 1897,120,2,0,0,0,0,2
fpp2,maxtemp,"Maximum annual temperatures at Moorabbin Airport, Melbourne",46,2,0,0,0,0,2
fpp2,melsyd,"Total weekly air passenger numbers on Ansett airline flights between Melbourne and Sydney, 1987-1992.",283,3,0,0,0,0,3
fpp2,mens400,Winning times in Olympic men's 400m track final. 1896-2016.,31,2,0,0,0,0,2
fpp2,oil,Annual oil production in Saudi Arabia,49,2,0,0,0,0,2
fpp2,prison,prison,48,32,0,0,0,0,32
fpp2,prisonLF,prison,1536,5,2,0,3,0,1
fpp2,qauselec,Quarterly Australian Electricity production,218,2,0,0,0,0,2
fpp2,qcement,Quarterly Australian Portland Cement production,233,2,0,0,0,0,2
fpp2,qgas,Quarterly Australian Gas Production,218,2,0,0,0,0,2
fpp2,sunspotarea,Annual average sunspot area (1875-2015),141,2,0,0,0,0,2
fpp2,uschange,Growth rates of personal consumption and personal income in the USA.,187,5,0,0,0,0,5
fpp2,usmelec,Electricity monthly total net generation. January 1973 - June 2013.,486,2,0,0,0,0,2
fpp2,visnights,Quarterly visitor nights for various regions of Australia.,76,20,0,0,0,0,20
fpp2,wmurders,"Annual female murder rate (per 100,000 standard population) in the USA. 1950-2004.",55,2,0,0,0,0,2
gamclass,airAccs,Aircraft Crash data,5666,7,0,0,4,0,3
gamclass,bronchitis,Chronic bronchitis in a sample of men in Cardiff,212,4,2,0,1,0,3
gamclass,cvalues,Historical speed of light measurements,9,3,0,0,0,0,3
gamclass,FARS,"US fatal road accident data for automobiles, 1998 to 2010",151158,17,0,1,6,0,10
gamclass,fars2007,"US fatal road accident data, 2007 and 2008",72548,24,1,0,0,0,24
gamclass,fars2008,"US fatal road accident data, 2007 and 2008",64881,24,1,0,0,0,24
gamclass,FARSmiss,Summary information on records omitted from the 'FARS' dataset,51,91,0,0,0,0,91
gamclass,german,German credit scoring data,1000,21,4,0,14,0,7
gamclass,loti,Global temperature anomalies,131,19,0,0,0,0,19
gap,aldh2,ALDH2 markers and Alcoholism,263,18,1,0,1,0,17
gap,apoeapoc,APOE/APOC1 markers and Alzheimer's,353,8,4,0,0,0,8
gap,cf,Cystic fibrosis data,186,24,4,0,0,0,24
gap,crohn,Crohn's disease data,387,212,2,0,1,0,211
gap,fa,Friedreich Ataxia data,127,13,1,0,0,0,13
gap,fsnps,A case-control data involving four SNPs with missing genotype,432,10,0,0,8,0,2
gap,hla,The HLA data,271,8,2,0,1,0,7
gap,l51,An example pedigree data,51,6,1,0,0,0,6
gap,lukas,An example pedigree,85,4,1,1,0,0,3
gap,mao,A study of Parkinson's disease and MAO gene,340,19,2,13,0,0,6
gap,meyer,A pedigree data on 282 animals deriving from two generations,306,5,1,0,0,0,5
gap,mfblong,Example data for ACEnucfam,3000,10,5,0,0,0,10
gap,nep499,A study of Alzheimer's disease with eight SNPs and APOE,499,23,16,0,0,0,23
gap,PD,"A study of Parkinson's disease and APOE, LRRK2, SNCA makers",825,22,5,16,0,0,6
geepack,dietox,Growth curves of pigs in a 3x3 factorial experiment,861,7,0,0,0,0,7
geepack,koch,Ordinal Data from Koch,288,4,1,0,0,0,4
geepack,ohio,Ohio Children Wheeze Status,2148,4,2,0,0,0,4
geepack,respdis,Clustered Ordinal Respiratory Disorder,111,5,1,0,0,0,5
geepack,respiratory,Data from a clinical trial comparing two treatments for a respiratory illness,444,8,5,0,2,0,6
geepack,seizure,Epiliptic Seizures,59,7,1,0,0,0,7
geepack,sitka89,Growth of Sitka Spruce Trees,632,4,1,0,1,0,3
geepack,spruce,Log-size of 79 Sitka spruce trees,1027,6,1,0,1,0,5
ggplot2,diamonds,"Prices of 50,000 round cut diamonds",53940,10,0,0,3,0,7
ggplot2,economics,US economic time series,574,6,0,0,0,0,5
ggplot2,economics_long,US economic time series,2870,4,0,0,1,0,2
ggplot2,faithfuld,2d density estimate of Old Faithful data,5625,3,0,0,0,0,3
ggplot2,luv_colours,'colors()' in Luv space,657,4,0,1,0,0,3
ggplot2,midwest,Midwest demographics,437,28,1,3,0,0,25
ggplot2,mpg,Fuel economy data from 1999 and 2008 for 38 popular models of car,234,11,1,6,0,0,5
ggplot2,msleep,An updated and expanded version of the mammals sleep dataset,83,11,0,5,0,0,6
ggplot2,presidential,Terms of 11 presidents from Eisenhower to Obama,11,4,1,2,0,0,0
ggplot2,seals,Vector field of seal movements,1155,4,0,0,0,0,4
ggplot2,txhousing,Housing sales in TX,8602,9,0,1,0,0,8
HistData,Arbuthnot,Arbuthnot's data on male and female birth ratios in London from 1629-1710.,82,7,0,0,0,0,7
HistData,Armada,La Felicisima Armada,10,11,0,0,1,0,10
HistData,Bowley,"Bowley's data on values of British and Irish trade, 1855-1899",45,2,0,0,0,0,2
HistData,Cavendish,Cavendish's Determinations of the Density of the Earth,29,3,0,0,0,0,3
HistData,ChestSizes,Chest measurements of 5738 Scottish Militiamen,16,2,0,0,0,0,2
HistData,Cholera,"William Farr's Data on Cholera in London, 1849",38,15,0,1,2,0,12
HistData,CushnyPeebles,Cushny-Peebles Data: Soporific Effects of Scopolamine Derivatives,11,4,0,0,0,0,4
HistData,CushnyPeeblesN,Cushny-Peebles Data: Soporific Effects of Scopolamine Derivatives,11,4,0,0,0,0,4
HistData,Dactyl,Edgeworth's counts of dactyls in Virgil's Aeneid,60,3,0,0,2,0,1
HistData,DrinksWages,Elderton and Pearson's (1910) data on drinking and wages,70,6,0,0,2,0,4
HistData,Fingerprints,Waite's data on Patterns in Fingerprints,36,3,0,0,2,0,1
HistData,Galton,Galton's data on the heights of parents and their children,928,2,0,0,0,0,2
HistData,GaltonFamilies,"Galton's data on the heights of parents and their children, by child",934,8,1,0,2,0,6
HistData,Guerry,"Data from A.-M. Guerry, ""Essay on the Moral Statistics of France""",86,23,0,0,3,0,20
HistData,HalleyLifeTable,Halley's Life Table,84,4,0,0,0,0,4
HistData,Jevons,W. Stanley Jevons' data on numerical discrimination,50,4,0,0,0,0,4
HistData,Langren.all,van Langren's Data on Longitude Distance between Toledo and Rome,61,4,1,0,2,0,2
HistData,Langren1644,van Langren's Data on Longitude Distance between Toledo and Rome,12,9,2,0,5,0,4
HistData,Macdonell,"Macdonell's Data on Height and Finger Length of Criminals, used by Gosset (1908)",924,3,0,0,0,0,3
HistData,MacdonellDF,"Macdonell's Data on Height and Finger Length of Criminals, used by Gosset (1908)",3000,2,0,0,0,0,2
HistData,Michelson,Michelson's Determinations of the Velocity of Light,100,1,0,0,0,0,1
HistData,MichelsonSets,Michelson's Determinations of the Velocity of Light,20,5,0,0,0,0,5
HistData,Minard.cities,Data from Minard's famous graphic map of Napoleon's march on Moscow,20,3,0,0,1,0,2
HistData,Minard.temp,Data from Minard's famous graphic map of Napoleon's march on Moscow,9,4,0,0,1,0,3
HistData,Minard.troops,Data from Minard's famous graphic map of Napoleon's march on Moscow,51,5,1,0,1,0,4
HistData,Nightingale,Florence Nightingale's data on deaths from various causes in the Crimean War,24,10,0,0,1,0,8
HistData,OldMaps,Latitudes and Longitudes of 39 Points in 11 Old Maps,468,6,0,0,1,0,5
HistData,PearsonLee,Pearson and Lee's data on the heights of parents and children classified by gender,746,6,2,0,3,0,3
HistData,PolioTrials,Polio Field Trials Data,8,6,1,0,2,0,4
HistData,Prostitutes,Parent-Duchatelet's time-series data on the number of prostitutes in Paris,516,5,0,0,1,0,3
HistData,Pyx,Trial of the Pyx,72,4,0,0,3,0,1
HistData,Quarrels,Statistics of Deadly Quarrels,779,84,50,0,64,0,20
HistData,Snow.dates,John Snow's Map and Data on the 1854 London Cholera Outbreak,44,3,0,0,0,0,2
HistData,Snow.deaths,John Snow's Map and Data on the 1854 London Cholera Outbreak,578,3,0,0,0,0,3
HistData,Snow.deaths2,John Snow's Map and Data on the 1854 London Cholera Outbreak,578,3,0,0,0,0,3
HistData,Snow.pumps,John Snow's Map and Data on the 1854 London Cholera Outbreak,13,4,0,1,0,0,3
HistData,Snow.streets,John Snow's Map and Data on the 1854 London Cholera Outbreak,1241,4,0,0,0,0,4
HistData,Virginis,John F. W. Herschel's Data on the Orbit of the Twin Stars gamma _Virginis_,18,6,0,2,0,0,4
HistData,Virginis.interp,John F. W. Herschel's Data on the Orbit of the Twin Stars gamma _Virginis_,14,4,0,0,0,0,4
HistData,Wheat,Playfair's Data on Wages and the Price of Wheat,53,3,0,0,0,0,3
HistData,Wheat.monarchs,Playfair's Data on Wages and the Price of Wheat,12,4,1,0,1,0,3
HistData,Yeast,Student's (1906) Yeast Cell Counts,36,3,0,0,1,0,2
HistData,YeastD.mat,Student's (1906) Yeast Cell Counts,20,20,0,0,0,0,20
HistData,ZeaMays,Darwin's Heights of Cross- and Self-fertilized Zea May Pairs,15,5,0,0,1,0,4
HSAUR,agefat,Total Body Composision Data,25,3,1,0,1,0,2
HSAUR,aspirin,Aspirin Data,7,4,0,0,0,0,4
HSAUR,BCG,BCG Vaccine Data,13,7,0,0,0,0,7
HSAUR,birthdeathrates,Birth and Death Rates Data,69,2,0,0,0,0,2
HSAUR,bladdercancer,Bladder Cancer Data,31,3,1,0,1,0,2
HSAUR,BtheB,Beat the Blues Data,100,8,3,0,3,0,5
HSAUR,clouds,Cloud Seeding Data,24,7,2,0,2,0,5
HSAUR,CYGOB1,CYG OB1 Star Cluster Data,47,2,0,0,0,0,2
HSAUR,epilepsy,Epilepsy Data,236,6,1,0,3,0,3
HSAUR,Forbes2000,The Forbes 2000 Ranking of the World's Biggest Companies (Year 2004),2000,8,0,1,2,0,5
HSAUR,foster,Foster Feeding Experiment,61,3,0,0,2,0,1
HSAUR,GHQ,General Health Questionnaire,22,4,1,0,1,0,3
HSAUR,heptathlon,Olympic Heptathlon Seoul 1988,25,8,0,0,0,0,8
HSAUR,Lanza,Prevention of Gastointestinal Damages,198,3,1,0,3,0,0
HSAUR,mastectomy,Survival Times after Mastectomy of Breast Cancer Patients,44,3,2,0,1,1,1
HSAUR,meteo,Meteorological Measurements for 11 Years,11,6,0,0,1,0,5
HSAUR,orallesions,Oral Lesions in Rural India,24,3,0,0,2,0,1
HSAUR,phosphate,Phosphate Level Data,33,9,1,0,1,0,8
HSAUR,pistonrings,Piston Rings Failures,12,3,0,0,2,0,1
HSAUR,planets,Exoplanets Data,101,3,0,0,0,0,3
HSAUR,plasma,Blood Screening Data,32,3,1,0,1,0,2
HSAUR,polyps,Familial Andenomatous Polyposis,20,3,1,0,1,0,2
HSAUR,polyps3,Familial Andenomatous Polyposis,22,5,2,0,2,0,3
HSAUR,pottery,Romano-British Pottery Data,45,9,0,0,0,0,9
HSAUR,rearrests,Rearrests of Juvenile Felons,4,3,2,0,2,0,1
HSAUR,respiratory,Respiratory Illness Data,555,7,4,0,6,0,1
HSAUR,roomwidth,Students Estimates of Lecture Room Width,113,2,1,0,1,0,1
HSAUR,schizophrenia,Age of Onset of Schizophrenia Data,251,2,1,0,1,0,1
HSAUR,schizophrenia2,Schizophrenia Data,220,4,2,0,3,0,1
HSAUR,schooldays,Days not Spent at School,154,5,3,0,4,0,1
HSAUR,skulls,Egyptian Skulls,150,5,0,0,1,0,4
HSAUR,smoking,Nicotine Gum and Smoking Cessation,26,4,0,0,0,0,4
HSAUR,students,Student Risk Taking,35,3,0,0,1,0,2
HSAUR,suicides,Crowd Baiting Behaviour and Suicides,4,3,2,0,2,0,1
HSAUR,toothpaste,Toothpaste Data,9,7,0,0,0,0,7
HSAUR,voting,House of Representatives Voting Data,15,15,0,0,0,0,15
HSAUR,water,Mortality and Water Hardness,61,4,1,1,1,0,2
HSAUR,watervoles,Water Voles Data,14,14,0,0,0,0,14
HSAUR,waves,Electricity from Wave Power at Sea,18,2,0,0,0,0,2
HSAUR,weightgain,Gain in Weight of Rats,40,3,2,0,2,0,1
HSAUR,womensrole,Womens Role in Society,42,4,1,0,1,0,3
hwde,IndianIrish,"Observed genotype frequencies at MN and S loci, for 2 populations",18,4,1,0,3,0,1
hwde,mendelABC,"Mendel's F2 trifactorial data for seed shape (A: round or wrinkled), cotyledon color (B: albumen yellow or green), and seed coat color (C: grey-brown or white)",27,4,0,1,2,0,1
ISLR,Auto,Auto Data Set,392,9,0,0,1,0,8
ISLR,Caravan,The Insurance Company (TIC) Benchmark,5822,86,6,0,1,0,85
ISLR,Carseats,Sales of Child Car Seats,400,11,2,0,3,0,8
ISLR,College,U.S. News and World Report's College Data,777,18,1,0,1,0,17
ISLR,Credit,Credit Card Balance Data,400,12,3,0,4,0,8
ISLR,Default,Credit Card Default Data,10000,4,2,0,2,0,2
ISLR,Hitters,Baseball Data,322,20,3,0,3,0,17
ISLR,NCI60,NCI 60 Data,64,6831,0,0,1,0,6830
ISLR,OJ,Orange Juice Data,1070,18,4,0,2,0,16
ISLR,Portfolio,Portfolio Data,100,2,0,0,0,0,2
ISLR,Smarket,S&P Stock Market Data,1250,9,1,0,1,0,8
ISLR,Wage,Mid-Atlantic Wage Data,3000,11,3,0,7,0,4
ISLR,Weekly,Weekly S&P Stock Market Data,1089,9,1,0,1,0,8
KMsurv,aids,data from Section 1.19,295,3,1,0,0,0,3
KMsurv,alloauto,data from Section 1.9,101,3,2,0,0,0,3
KMsurv,allograft,"data from Exercise 13.1, p418",34,4,2,0,0,0,4
KMsurv,azt,"data from Exercise 4.7, p122",45,4,1,0,0,0,4
KMsurv,baboon,"data from Exercise 5.8, p147",152,3,1,0,1,0,2
KMsurv,bcdeter,data from Section 1.18,95,3,1,0,0,0,3
KMsurv,bfeed,data from Section 1.14,927,10,5,0,0,0,10
KMsurv,bmt,data from Section 1.3,137,22,12,0,0,0,22
KMsurv,bnct,"data from Exercise 7.7, p223",30,3,1,0,0,0,3
KMsurv,btrial,data from Section 1.5,45,3,2,0,0,0,3
KMsurv,burn,data from Section 1.6,154,18,12,0,0,0,18
KMsurv,channing,data from Section 1.16,462,6,2,0,0,0,6
KMsurv,drug6mp,data from Section 1.2,21,5,2,0,0,0,5
KMsurv,drughiv,"data from Exercise 7.6, p222",34,3,2,0,0,0,3
KMsurv,hodg,data from Section 1.10,43,6,3,0,0,0,6
KMsurv,kidney,data from Section 1.4,119,3,2,0,0,0,3
KMsurv,kidrecurr,Data on 38 individuals using a kidney dialysis machine,38,10,6,0,0,0,10
KMsurv,kidtran,data from Section 1.7,863,6,3,0,0,0,6
KMsurv,larynx,data from Section 1.8,90,5,1,0,0,0,5
KMsurv,lung,"data from Exercise 4.4, p120",25,4,1,0,0,0,4
KMsurv,pneumon,data from Section 1.13,3470,15,4,0,0,0,15
KMsurv,psych,data from Section 1.15,26,4,2,0,0,0,4
KMsurv,rats,"data from Exercise 7.13, p225",150,4,2,0,0,0,4
KMsurv,std,data from Section 1.12,877,24,16,0,2,0,22
KMsurv,stddiag,"data from Exercise 5.6, p146",25,2,0,0,0,0,2
KMsurv,tongue,data from Section 1.11,80,3,2,0,0,0,3
KMsurv,twins,"data from Exercise 7.14, p225",24,4,2,0,0,0,4
lattice,barley,Yield data from a Minnesota barley trial,120,4,1,0,3,0,1
lattice,environmental,Atmospheric environmental conditions in New York City,111,4,0,0,0,0,4
lattice,ethanol,Engine exhaust fumes from burning ethanol,88,3,0,0,0,0,3
lattice,melanoma,Melanoma skin cancer incidence,37,2,0,0,0,0,2
lattice,singer,Heights of New York Choral Society singers,235,2,0,0,1,0,1
lattice,USMortality,Mortality Rates in US by Cause and Gender,40,5,2,0,3,0,2
lattice,USRegionalMortality,Mortality Rates in US by Cause and Gender,400,6,2,0,4,0,2
lme4,Arabidopsis,Arabidopsis clipping/fertilization data,625,8,3,0,4,0,4
lme4,cake,Breakage Angle of Chocolate Cakes,270,5,0,0,3,0,2
lme4,cbpp,Contagious bovine pleuropneumonia,56,4,0,0,2,0,2
lme4,Dyestuff,Yield of dyestuff by batch,30,2,0,0,1,0,1
lme4,Dyestuff2,Yield of dyestuff by batch,30,2,0,0,1,0,1
lme4,grouseticks,Data on red grouse ticks from Elston et al. 2001,403,7,0,0,4,0,3
lme4,InstEval,University Lecture/Instructor Evaluations by Students at ETH,73421,7,1,0,6,0,1
lme4,Pastes,Paste strength by batch and cask,60,4,0,0,3,0,1
lme4,Penicillin,Variation in penicillin testing,144,3,0,0,2,0,1
lme4,sleepstudy,Reaction times in a sleep deprivation study,180,3,0,0,1,0,2
lme4,VerbAgg,Verbal Aggression item responses,7584,9,4,0,8,0,1
lmec,UTIdata,Data set for Unstructured Treatment Interruption Study,373,5,0,0,1,0,4
MASS,abbey,Determinations of Nickel Content,31,1,0,0,0,0,1
MASS,accdeaths,Accidental Deaths in the US 1973-1978,72,2,0,0,0,0,2
MASS,Aids2,Australian AIDS Survival Data,2843,7,2,0,4,0,3
MASS,Animals,Brain and Body Weights for 28 Species,28,2,0,0,0,0,2
MASS,anorexia,Anorexia Data on Weight Change,72,3,0,0,1,0,2
MASS,bacteria,Presence of Bacteria after Drug Treatments,220,6,3,0,5,0,1
MASS,beav1,Body Temperature Series of Beaver 1,114,4,2,0,0,0,4
MASS,beav2,Body Temperature Series of Beaver 2,100,4,2,0,0,0,4
MASS,biopsy,Biopsy Data on Breast Cancer Patients,699,11,1,1,1,0,9
MASS,birthwt,Risk Factors Associated with Low Infant Birth Weight,189,10,4,0,0,0,10
MASS,Boston,Housing Values in Suburbs of Boston,506,14,1,0,0,0,14
MASS,cabbages,Data from a cabbage field trial,60,4,1,0,2,0,2
MASS,caith,Colours of Eyes and Hair of People in Caithness,4,5,0,0,0,0,5
MASS,Cars93,Data from 93 Cars on Sale in the USA in 1993,93,27,2,0,9,0,18
MASS,cats,Anatomical Data from Domestic Cats,144,3,1,0,1,0,2
MASS,cement,Heat Evolved by Setting Cements,13,5,0,0,0,0,5
MASS,chem,Copper in Wholemeal Flour,24,1,0,0,0,0,1
MASS,coop,Co-operative Trial in Analytical Chemistry,252,4,0,0,3,0,1
MASS,cpus,Performance of Computer CPUs,209,9,0,0,1,0,8
MASS,crabs,Morphological Measurements on Leptograpsus Crabs,200,8,2,0,2,0,6
MASS,Cushings,Diagnostic Tests on Patients with Cushing's Syndrome,27,3,0,0,1,0,2
MASS,DDT,DDT in Kale,15,1,0,0,0,0,1
MASS,deaths,Monthly Deaths from Lung Diseases in the UK,72,2,0,0,0,0,2
MASS,drivers,Deaths of Car Drivers in Great Britain 1969-84,192,2,0,0,0,0,2
MASS,eagles,Foraging Ecology of Bald Eagles,8,5,3,0,3,0,2
MASS,epil,Seizure Counts for Epileptics,236,9,2,0,1,0,8
MASS,farms,Ecological Factors in Farm Management,20,4,0,0,4,0,0
MASS,fgl,Measurements of Forensic Glass Fragments,214,10,0,0,1,0,9
MASS,forbes,Forbes' Data on Boiling Points in the Alps,17,2,0,0,0,0,2
MASS,GAGurine,Level of GAG in Urine of Children,314,2,0,0,0,0,2
MASS,galaxies,Velocities for 82 Galaxies,82,1,0,0,0,0,1
MASS,gehan,Remission Times of Leukaemia Patients,42,4,2,0,1,0,3
MASS,genotype,Rat Genotype Data,61,3,0,0,2,0,1
MASS,geyser,Old Faithful Geyser Data,299,2,0,0,0,0,2
MASS,gilgais,Line Transect of Soil in Gilgai Territory,365,9,0,0,0,0,9
MASS,hills,Record Times in Scottish Hill Races,35,3,0,0,0,0,3
MASS,housing,Frequency Table from a Copenhagen Housing Conditions Survey,72,5,1,0,4,0,1
MASS,immer,Yields from a Barley Field Trial,30,4,0,0,2,0,2
MASS,Insurance,Numbers of Car Insurance claims,64,5,0,0,3,0,2
MASS,leuk,Survival Times and White Blood Counts for Leukaemia Patients,33,3,1,0,1,0,2
MASS,mammals,Brain and Body Weights for 62 Species of Land Mammals,62,2,0,0,0,0,2
MASS,mcycle,Data from a Simulated Motorcycle Accident,133,2,0,0,0,0,2
MASS,Melanoma,Survival from Malignant Melanoma,205,7,2,0,0,0,7
MASS,menarche,Age of Menarche in Warsaw,25,3,0,0,0,0,3
MASS,michelson,Michelson's Speed of Light Data,100,3,0,0,2,0,1
MASS,minn38,Minnesota High School Graduates of 1938,168,5,1,0,4,0,1
MASS,motors,Accelerated Life Testing of Motorettes,40,3,1,0,0,0,3
MASS,muscle,Effect of Calcium Chloride on Muscle Contraction in Rat Hearts,60,3,0,0,1,0,2
MASS,newcomb,Newcomb's Measurements of the Passage Time of Light,66,1,0,0,0,0,1
MASS,nlschools,Eighth-Grade Pupils in the Netherlands,2287,6,1,0,2,0,4
MASS,npk,"Classical N, P, K Factorial Experiment",24,5,3,0,4,0,1
MASS,npr1,US Naval Petroleum Reserve No. 1 data,104,4,0,0,0,0,4
MASS,oats,Data from an Oats Field Trial,72,4,0,0,3,0,1
MASS,OME,Tests of Auditory Perception in Children with OME,1097,7,1,0,2,0,5
MASS,painters,The Painter's Data of de Piles,54,5,0,0,1,0,4
MASS,petrol,N. L. Prater's Petrol Refinery Data,32,6,0,0,1,0,5
MASS,phones,Belgium Phone Calls 1950-1973,24,2,0,0,0,0,2
MASS,Pima.te,Diabetes in Pima Indian Women,332,8,1,0,1,0,7
MASS,Pima.tr,Diabetes in Pima Indian Women,200,8,1,0,1,0,7
MASS,Pima.tr2,Diabetes in Pima Indian Women,300,8,1,0,1,0,7
MASS,quine,Absenteeism from School in Rural New South Wales,146,5,3,0,4,0,1
MASS,Rabbit,Blood Pressure in Rabbits,60,5,1,0,3,0,2
MASS,road,Road Accident Deaths in US States,26,6,0,0,0,0,6
MASS,rotifer,Numbers of Rotifers by Fluid Density,20,5,0,0,0,0,5
MASS,Rubber,Accelerated Testing of Tyre Rubber,30,3,0,0,0,0,3
MASS,ships,Ships Damage Data,40,5,1,0,1,0,4
MASS,shoes,"Shoe wear data of Box, Hunter and Hunter",10,2,0,0,0,0,2
MASS,shrimp,Percentage of Shrimp in Shrimp Cocktail,18,1,0,0,0,0,1
MASS,shuttle,Space Shuttle Autolander Problem,256,7,5,0,7,0,0
MASS,Sitka,Growth Curves for Sitka Spruce Trees in 1988,395,4,1,0,1,0,3
MASS,Sitka89,Growth Curves for Sitka Spruce Trees in 1989,632,4,1,0,1,0,3
MASS,Skye,AFM Compositions of Aphyric Skye Lavas,23,3,0,0,0,0,3
MASS,snails,Snail Mortality Data,96,6,1,0,1,0,5
MASS,SP500,Returns of the Standard and Poors 500,2780,1,0,0,0,0,1
MASS,steam,The Saturated Steam Pressure Data,14,2,0,0,0,0,2
MASS,stormer,The Stormer Viscometer Data,23,3,0,0,0,0,3
MASS,survey,Student Survey Data,237,12,3,0,7,0,5
MASS,synth.te,Synthetic Classification Problem,1000,3,1,0,0,0,3
MASS,synth.tr,Synthetic Classification Problem,250,3,1,0,0,0,3
MASS,topo,Spatial Topographic Data,52,3,0,0,0,0,3
MASS,Traffic,Effect of Swedish Speed Limits on Accidents,184,4,2,0,1,0,3
MASS,UScereal,Nutritional and Marketing Information on US Cereals,65,11,0,0,2,0,9
MASS,UScrime,The Effect of Punishment Regimes on Crime Rates,47,16,1,0,0,0,16
MASS,VA,Veteran's Administration Lung Cancer Trial,137,8,3,0,3,0,5
MASS,waders,Counts of Waders at 15 Sites in South Africa,15,19,0,0,0,0,19
MASS,whiteside,House Insulation: Whiteside's Data,56,3,1,0,1,0,2
MASS,wtloss,Weight Loss Data from an Obese Patient,52,2,0,0,0,0,2
mediation,boundsdata,Example Data for the Design Functions,1000,7,6,0,0,0,7
mediation,CEDdata,Example Data for the Crossover Encouragement Design,2000,7,7,0,0,0,7
mediation,framing,"Brader, Valentino and Suhay (2008) Framing Experiment Data",265,15,6,0,5,0,10
mediation,jobs,JOBS II data,899,17,7,0,7,0,10
mediation,school,School-level data,568,5,2,0,0,0,5
mediation,student,Hypothetical student-level data,9679,13,7,0,0,0,13
mi,CHAIN,Subset of variables from the CHAIN project,532,7,1,0,0,0,7
mi,nlsyV,National Longitudinal Survey of Youth Extract,400,7,2,0,0,0,7
mosaicData,Alcohol,Alcohol Consumption per Capita,411,4,0,1,0,0,3
mosaicData,Birthdays,US Births in 1969 - 1988,372864,7,0,1,1,0,4
mosaicData,Births,US Births,7305,8,0,0,1,0,6
mosaicData,Births2015,US Births in 2015,365,8,0,0,1,0,6
mosaicData,Births78,US Births in 1978,365,8,0,0,1,0,6
mosaicData,Cards,Standard Deck of Cards,52,1,0,0,1,0,0
mosaicData,CoolingWater,CoolingWater,222,2,0,0,0,0,2
mosaicData,Countries,Countries,288,3,0,3,0,0,0
mosaicData,CPS85,Data from the 1985 Current Population Survey (CPS85),534,11,6,0,7,0,4
mosaicData,Dimes,Weight of dimes,30,2,0,0,0,0,2
mosaicData,Galton,Galton's dataset of parent and child heights,898,6,1,0,2,0,4
mosaicData,Gestation,Data from the Child Health and Development Studies,1236,23,0,0,1,0,22
mosaicData,GoosePermits,Goose Permit Study,11,3,0,0,0,0,3
mosaicData,HeatX,Data from a heat exchanger laboratory,6,7,1,0,0,0,7
mosaicData,HELPfull,Health Evaluation and Linkage to Primary Care,1472,788,329,0,6,0,782
mosaicData,HELPmiss,Health Evaluation and Linkage to Primary Care,470,27,8,0,9,0,18
mosaicData,HELPrct,Health Evaluation and Linkage to Primary Care,453,29,10,0,9,0,20
mosaicData,KidsFeet,Foot measurements in children,39,8,4,0,4,0,4
mosaicData,Marriage,Marriage records,98,15,2,0,9,0,6
mosaicData,Mites,Mites and Wilt Disease,47,2,2,0,2,0,0
mosaicData,RailTrail,Volume of Users of a Rail Trail,90,11,5,1,0,1,9
mosaicData,Riders,Volume of Users of a Massachusetts Rail Trail,90,12,2,0,3,0,8
mosaicData,SaratogaHouses,Houses in Saratoga County (2006),1728,16,3,0,6,0,10
mosaicData,SAT,State by State SAT data,50,8,0,0,1,0,7
mosaicData,SnowGR,"Snowfall data for Grand Rapids, MI",119,15,0,0,0,0,15
mosaicData,SwimRecords,100 m Swimming World Records,62,3,1,0,1,0,2
mosaicData,TenMileRace,Cherry Blossom Race,8636,5,1,0,2,0,3
mosaicData,Utilities,Utility bills,117,12,0,0,1,0,11
mosaicData,Utilities2,Utility bills,117,19,0,0,1,0,18
mosaicData,Weather,Weather,3655,25,1,3,0,0,21
mosaicData,Whickham,Data from the Whickham survey,1314,3,2,0,2,0,1
multgee,arthritis,Rheumatoid Arthritis Clinical Trial,906,7,2,0,0,0,7
multgee,housing,Homeless Data,1448,4,1,0,0,0,4
plm,Cigar,Cigarette Consumption,1380,9,0,0,0,0,9
plm,Crime,Crime in North Carolina,630,44,1,0,2,0,42
plm,EmplUK,Employment and Wages in the United Kingdom,1031,7,0,0,0,0,7
plm,Gasoline,Gasoline Consumption,342,6,0,0,1,0,5
plm,Grunfeld,Grunfeld's Investment Data,200,5,0,0,0,0,5
plm,Hedonic,Hedonic Prices of Census Tracts in the Boston Area,506,15,1,0,1,0,14
plm,LaborSupply,Wages and Hours Worked,5320,7,1,0,0,0,7
plm,Males,Wages and Education of Young Males,4360,12,3,0,7,0,5
plm,Parity,Purchasing Power Parity and other parity relationships,1768,9,0,0,1,0,8
plm,Produc,US States Production,816,11,0,0,2,0,9
plm,RiceFarms,Production of Rice in Indonesia,1026,20,0,0,4,0,16
plm,Snmesp,Employment and Wages in Spain,5904,8,0,0,0,0,8
plm,SumHes,"The Penn World Table, v. 5",3250,7,2,0,3,0,4
plm,Wages,Panel Data of Individual Wages,4165,12,8,0,7,0,5
plyr,baseball,Yearly batting records for all major league baseball players,21699,22,0,3,0,0,19
plyr,ozone,Monthly ozone measurements over Central America.,24,1728,0,0,0,0,1728
pscl,absentee,Absentee and Machine Ballots in Pennsylvania State Senate Races,22,8,0,0,0,0,8
pscl,admit,Applications to a Political Science PhD Program,106,6,3,0,1,0,5
pscl,AustralianElectionPolling,"Political opinion polls in Australia, 2004-07",239,14,0,2,1,0,9
pscl,AustralianElections,"elections to Australian House of Representatives, 1949-2016",27,19,0,0,0,0,18
pscl,bioChemists,article production by graduate students in biochemistry Ph.D. programs,915,6,2,0,2,0,4
pscl,ca2006,California Congressional Districts in 2006,53,13,3,2,0,2,9
pscl,EfronMorris,"Batting Averages for 18 major league baseball players, 1970",18,7,1,0,3,0,4
pscl,iraqVote,"U.S. Senate vote on the use of force against Iraq, 2002.",100,6,2,1,2,1,2
pscl,partycodes,political parties appearing in the U.S. Congress,85,2,0,0,1,0,1
pscl,politicalInformation,Interviewer ratings of respondent levels of political information,1807,8,4,0,6,0,2
pscl,presidentialElections,"elections for U.S. President, 1932-2016, by state",1097,4,1,1,0,1,2
pscl,prussian,Prussian army horse kick data,280,3,0,0,1,0,2
pscl,RockTheVote,"Voter turnout experiment, using Rock The Vote ads",85,6,1,0,0,0,6
pscl,state.info,information about the American states needed for U.S. Congress,51,3,0,0,1,0,2
pscl,UKHouseOfCommons,1992 United Kingdom electoral returns,521,12,3,2,0,0,10
pscl,unionDensity,cross national rates of trade union density,20,4,0,0,0,0,4
pscl,vote92,Reports of voting in the 1992 U.S. Presidential election.,909,9,3,0,1,0,8
psych,ability,16 ability items scored as correct or incorrect.,1525,16,16,0,0,0,16
psych,affect,Two data sets of affect and arousal scores as a function of personality and movie conditions,330,20,1,0,1,0,19
psych,Bechtoldt,Seven data sets showing a bifactor solution.,17,17,0,0,0,0,17
psych,Bechtoldt.1,Seven data sets showing a bifactor solution.,17,17,0,0,0,0,17
psych,Bechtoldt.2,Seven data sets showing a bifactor solution.,17,17,0,0,0,0,17
psych,bfi,25 Personality items representing 5 factors,2800,28,1,0,0,0,28
psych,bfi.dictionary,25 Personality items representing 5 factors,28,7,1,0,6,0,1
psych,blant,A 29 x 29 matrix that produces weird factor analytic results,29,29,0,0,0,0,29
psych,blot,Bond's Logical Operations Test - BLOT,150,35,35,0,0,0,35
psych,burt,11 emotional variables from Burt (1915),11,11,0,0,0,0,11
psych,cattell,12 cognitive variables from Cattell (1963),12,12,0,0,0,0,12
psych,cities,Distances between 11 US cities,11,11,0,0,0,0,11
psych,cubits,Galton's example of the relationship between height and 'cubit' or forearm length,9,8,1,0,0,0,8
psych,cushny,"A data set from Cushny and Peebles (1905) on the effect of three drugs on hours of sleep, used by Student (1908)",10,7,0,0,0,0,7
psych,Dwyer,8 cognitive variables used by Dwyer for an example.,8,8,0,0,0,0,8
psych,epi,Eysenck Personality Inventory (EPI) data for 3570 participants,3570,57,57,0,0,0,57
psych,epi.bfi,13 personality scales from the Eysenck Personality Inventory and Big 5 inventory,231,13,0,0,0,0,13
psych,epi.dictionary,Eysenck Personality Inventory (EPI) data for 3570 participants,57,1,0,0,1,0,0
psych,epiR,Eysenck Personality Inventory (EPI) data for 3570 participants,948,60,58,1,0,0,59
psych,galton,Galton's Mid parent child height data,928,2,0,0,0,0,2
psych,Gleser,"Example data from Gleser, Cronbach and Rajaratnam (1965) to show basic principles of generalizability theory.",12,12,0,0,0,0,12
psych,Gorsuch,Example data set from Gorsuch (1997) for an example factor extension.,10,10,0,0,0,0,10
psych,Harman.5,Five data sets from Harman (1967). 9 cognitive variables from Holzinger and 8 emotional variables from Burt,12,5,0,0,0,0,5
psych,Harman.8,Five data sets from Harman (1967). 9 cognitive variables from Holzinger and 8 emotional variables from Burt,8,8,0,0,0,0,8
psych,Harman.political,Five data sets from Harman (1967). 9 cognitive variables from Holzinger and 8 emotional variables from Burt,8,8,0,0,0,0,8
psych,heights,A data.frame of the Galton (1888) height and cubit data set.,348,2,0,0,0,0,2
psych,Holzinger,Seven data sets showing a bifactor solution.,14,14,0,0,0,0,14
psych,Holzinger.9,Seven data sets showing a bifactor solution.,9,9,0,0,0,0,9
psych,income,US family income from US census 2008,44,4,0,0,0,0,4
psych,iqitems,16 multiple choice IQ items,1525,16,0,0,0,0,16
psych,msq,75 mood items from the Motivational State Questionnaire for 3896 participants,3896,92,1,0,2,0,90
psych,msqR,75 mood items from the Motivational State Questionnaire for 3032 unique participants,6411,88,3,1,0,0,87
psych,neo,NEO correlation matrix from the NEO_PI_R manual,30,30,0,0,0,0,30
psych,peas,Galton's Peas,700,2,0,0,0,0,2
psych,Reise,Seven data sets showing a bifactor solution.,16,16,0,0,0,0,16
psych,sai,State Anxiety data from the PMC lab over multiple occasions.,5378,23,0,0,1,0,22
psych,sai.dictionary,State Anxiety data from the PMC lab over multiple occasions.,26,2,1,0,2,0,0
psych,sat.act,"3 Measures of ability: SATV, SATQ, ACT",700,6,1,0,0,0,6
psych,Schmid,12 variables created by Schmid and Leiman to show the Schmid-Leiman Transformation,12,12,0,0,0,0,12
psych,Schutz,The Schutz correlation matrix example from Shapiro and ten Berge,9,9,0,0,0,0,9
psych,spi,A sample from the SAPA Personality Inventory including an item dictionary and scoring keys.,4000,145,2,0,0,0,145
psych,spi.dictionary,A sample from the SAPA Personality Inventory including an item dictionary and scoring keys.,145,4,1,0,4,0,0
psych,tai,State Anxiety data from the PMC lab over multiple occasions.,3032,23,0,1,1,0,21
psych,Tal_Or,Data set testing causal direction in presumed media influence,123,6,2,0,0,0,6
psych,Tal.Or,Data set testing causal direction in presumed media influence,123,6,2,0,0,0,6
psych,Thurstone,Seven data sets showing a bifactor solution.,9,9,0,0,0,0,9
psych,Thurstone.33,Seven data sets showing a bifactor solution.,9,9,0,0,0,0,9
psych,Thurstone.9,Seven data sets showing a bifactor solution.,9,9,0,0,0,0,9
psych,Tucker,9 Cognitive variables discussed by Tucker and Lewis (1973),9,9,0,0,0,0,9
psych,withinBetween,An example of the distinction between within group and between group correlations,16,10,0,0,1,0,9
quantreg,barro,Barro Data,161,14,0,0,0,0,14
quantreg,Bosco,Boscovich Data,5,2,0,0,0,0,2
quantreg,CobarOre,Cobar Ore data,38,3,0,0,0,0,3
quantreg,engel,Engel Data,235,2,0,0,0,0,2
quantreg,gasprice,Time Series of US Gasoline Prices,695,2,0,0,0,0,2
quantreg,Mammals,Garland(1983) Data on Running Speed of Mammals,107,4,2,0,0,2,2
quantreg,uis,UIS Drug Treatment study data,575,18,5,0,0,0,18
reshape2,french_fries,Sensory data from a french fries experiment.,696,9,1,0,3,0,6
reshape2,smiths,Demo data describing the Smiths.,2,5,2,0,1,0,4
reshape2,tips,Tipping data,244,7,3,0,4,0,3
robustbase,aircraft,Aircraft Data,23,5,0,0,0,0,5
robustbase,airmay,Air Quality Data,31,4,0,0,0,0,4
robustbase,alcohol,Alcohol Solubility in Water Data,44,7,0,0,0,0,7
robustbase,ambientNOxCH,Daily Means of NOx (mono-nitrogen oxides) in air,366,14,0,0,0,0,13
robustbase,Animals2,Brain and Body Weights for 65 Species of Land Animals,65,2,0,0,0,0,2
robustbase,biomassTill,Biomass Tillage Data,58,4,0,0,1,0,3
robustbase,bushfire,Campbell Bushfire Data,38,5,0,0,0,0,5
robustbase,carrots,Insect Damages on Carrots,24,4,0,0,1,0,3
robustbase,cloud,Cloud point of a Liquid,19,2,0,0,0,0,2
robustbase,coleman,Coleman Data Set,20,6,0,0,0,0,6
robustbase,condroz,Condroz Data,428,2,0,0,0,0,2
robustbase,CrohnD,Crohn's Disease Adverse Events Data,117,9,2,0,3,0,6
robustbase,cushny,Cushny and Peebles Prolongation of Sleep Data,10,1,0,0,0,0,1
robustbase,delivery,Delivery Time Data,25,3,0,0,0,0,3
robustbase,education,Education Expenditure Data,50,6,0,0,1,0,5
robustbase,epilepsy,Epilepsy Attacks Data Set,59,11,1,0,1,0,10
robustbase,exAM,Example Data of Antille and May - for Simple Regression,12,2,0,0,0,0,2
robustbase,foodstamp,Food Stamp Program Participation,150,4,3,0,0,0,4
robustbase,hbk,"Hawkins, Bradu, Kass's Artificial Data",75,4,0,0,0,0,4
robustbase,heart,Heart Catherization Data,12,3,0,0,0,0,3
robustbase,kootenay,Waterflow Measurements of Kootenay River in Libby and Newgate,13,2,0,0,0,0,2
robustbase,lactic,Lactic Acid Concentration Measurement Data,20,2,0,0,0,0,2
robustbase,los,Length of Stay Data,201,1,0,0,0,0,1
robustbase,milk,Daudin's Milk Composition Data,86,8,0,0,0,0,8
robustbase,NOxEmissions,NOx Air Pollution Data,8088,4,0,0,1,0,3
robustbase,pension,Pension Funds Data,18,2,0,0,0,0,2
robustbase,phosphor,Phosphorus Content Data,18,3,0,0,0,0,3
robustbase,pilot,Pilot-Plant Data,20,2,0,0,0,0,2
robustbase,possumDiv,Possum Diversity Data,151,9,1,0,2,0,7
robustbase,pulpfiber,Pulp Fiber and Paper Data,62,8,0,0,0,0,8
robustbase,radarImage,Satellite Radar Image Data from near Munich,1573,5,0,0,0,0,5
robustbase,salinity,Salinity Data,28,4,0,0,0,0,4
robustbase,SiegelsEx,Siegel's Exact Fit Example Data,9,2,0,0,0,0,2
robustbase,starsCYG,Hertzsprung-Russell Diagram Data of Star Cluster CYG OB1,47,2,0,0,0,0,2
robustbase,steamUse,Steam Usage Data (Excerpt),25,9,0,0,0,0,9
robustbase,telef,Number of International Calls from Belgium,24,2,0,0,0,0,2
robustbase,toxicity,Toxicity of Carboxylic Acids Data,38,10,0,0,0,0,10
robustbase,vaso,Vaso Constriction Skin Data Set,39,3,1,0,0,0,3
robustbase,wagnerGrowth,Wagner's Hannover Employment Growth Data,63,7,0,0,2,0,5
robustbase,wood,Modified Data on Wood Specific Gravity,20,6,0,0,0,0,6
rpart,car.test.frame,Automobile Data from 'Consumer Reports' 1990,60,8,0,0,2,0,6
rpart,car90,Automobile Data from 'Consumer Reports' 1990,111,34,0,0,9,0,25
rpart,cu.summary,Automobile Data from 'Consumer Reports' 1990,117,5,0,0,3,0,2
rpart,kyphosis,Data on Children who have had Corrective Spinal Surgery,81,4,1,0,1,0,3
rpart,solder,Soldering of Components on Printed-Circuit Boards,900,6,1,0,5,0,1
rpart,stagec,Stage C Prostate Cancer,146,8,2,0,1,0,7
sandwich,InstInnovation,Innovation and Institutional Ownership,6208,25,4,0,7,0,18
sandwich,Investment,US Investment Data,20,7,0,0,0,0,7
sandwich,PetersenCL,Petersen's Simulated Data for Assessing Clustered Standard Errors,5000,4,0,0,0,0,4
sandwich,PublicSchools,US Expenditures for Public Schools,51,2,0,0,0,0,2
sem,Bollen,Bollen's Data on Industrialization and Political Democracy,75,11,0,0,0,0,11
sem,CNES,Variables from the 1997 Canadian National Election Study,1529,4,0,0,4,0,0
sem,Klein,Klein's Data on the U. S. Economy,22,10,0,0,0,0,10
sem,Kmenta,Partly Artificial Data on the U. S. Economy,20,5,0,0,0,0,5
sem,Tests,Six Mental Tests,32,6,0,0,0,0,6
Stat2Data,AccordPrice,Prices of Used Honda Accords (in 2017),30,3,0,0,0,0,3
Stat2Data,AHCAvote2017,Congressional Votes on American Health Care Act (in 2017),430,11,5,0,4,0,7
Stat2Data,Airlines,Ontime Records for Two Airlines at Two Airports,10333,5,5,0,3,0,2
Stat2Data,Alfalfa,Alfalfa Growth,15,3,0,0,2,0,1
Stat2Data,AlitoConfirmation,US Senate Votes on Samuel Alito for the Supreme Court,100,6,3,0,4,0,2
Stat2Data,Amyloid,Amyloid-beta and Cognitive Impairment,57,2,0,0,1,0,1
Stat2Data,AppleStock,Daily Price and Volume of Apple Stock,66,4,0,0,1,0,3
Stat2Data,ArcheryData,Scores in an Archery Class,18,7,2,0,1,0,6
Stat2Data,AthleteGrad,"Athletic Participation, Race, and Graduation",214555,3,3,0,2,0,1
Stat2Data,AudioVisual,Reaction Times to Audio and Visual Stimuli,72,4,2,0,3,0,1
Stat2Data,AutoPollution,Noise Levels of Filters to Reduce Automobile Pollution,36,4,2,0,0,0,4
Stat2Data,Backpack,Weights of College Student Backpacks,100,9,3,0,3,0,6
Stat2Data,BaseballTimes,Baseball Game Times of One Day in 2008,15,7,1,0,2,0,5
Stat2Data,BaseballTimes2017,Baseball Game Times of One Day in 2017,14,7,0,0,2,0,5
Stat2Data,BeeStings,Do Bee Stings Depend on Previous Stings?,18,3,1,0,2,0,1
Stat2Data,BirdCalcium,Effect of a Hormone on Bird Calcium Levels,20,5,2,0,3,0,2
Stat2Data,BirdNest,Nest Characteristics for Different Bird Species,84,12,2,0,4,0,8
Stat2Data,Blood1,"Blood Pressure, Weight, and Smoking Status",500,3,1,0,0,0,3
Stat2Data,BlueJays,Blue Jay Measurements,123,9,2,0,2,0,7
Stat2Data,BrainpH,Brain pH Measurements,54,5,1,0,3,0,2
Stat2Data,BreesPass,Drew Brees Passing Statistics (2016),16,5,0,0,1,0,4
Stat2Data,BritishUnions,Attitudes Towards British Trade Unions,17,7,1,0,1,0,6
Stat2Data,ButterfliesBc,Butterfly (Boloria chariclea) Measurements,32,4,1,0,2,0,2
Stat2Data,CAFE,US Senate Votes on Corporate Average Fuel Economy Bill,100,7,2,0,3,0,4
Stat2Data,CalciumBP,Do Calcium Supplements Lower Blood Pressure?,21,2,1,0,1,0,1
Stat2Data,CanadianDrugs,Canadian Drugs Senate Vote,94,6,3,0,5,0,1
Stat2Data,CancerSurvival,Survival Times for Different Cancers,64,2,0,0,1,0,1
Stat2Data,Caterpillars,Measurements of Manduca Sexta Caterpillars,267,18,3,0,3,0,15
Stat2Data,CavsShooting,Cleveland Cavalier's Shooting (2016-2017),1940,3,3,0,2,0,1
Stat2Data,Cereal,Nutrition Content of Breakfast Cereals,36,4,0,0,1,0,3
Stat2Data,ChemoTHC,THC for Antinausea Treatment in Chemotherapy,2,4,4,0,1,0,3
Stat2Data,ChildSpeaks,Age at First Speaking,21,3,0,0,0,0,3
Stat2Data,ClintonSanders,Clinton/Sanders Primary Results (2016),31,5,1,0,2,0,3
Stat2Data,Clothing,Sales for a Clothing Retailer,60,8,1,0,0,0,8
Stat2Data,CloudSeeding,Cloud Seeding Experiment (Winter Only),28,7,1,0,2,0,5
Stat2Data,CloudSeeding2,Cloud Seeding Experiment (Four Seasons),108,8,1,0,2,0,6
Stat2Data,CO2,Daily CO2 Measurements in Germany,237,2,0,0,0,0,2
Stat2Data,CO2Germany,Daily CO2 Measurements in Germany,237,2,0,0,0,0,2
Stat2Data,CO2Hawaii,CO2 Readings in Hawaii,360,4,0,0,0,0,4
Stat2Data,CO2SouthPole,CO2 Readings at the South Pole,348,4,0,0,0,0,4
Stat2Data,Contraceptives,Drug Interaction with Contraceptives,44,6,2,0,1,0,5
Stat2Data,CountyHealth,County Health Resources,53,4,0,0,1,0,3
Stat2Data,CrabShip,Crab Oxygen Intake,34,3,1,0,1,0,2
Stat2Data,CrackerFiber,Effects of Cracker Fiber on Digested Calories,48,3,0,0,2,0,1
Stat2Data,CreditRisk,Overdrawn Checking Account?,450,4,2,0,0,0,4
Stat2Data,Cuckoo,Measurements of Cuckoo Eggs,120,2,0,0,1,0,1
Stat2Data,Day1Survey,First Day Survey of Statistics Students,43,13,2,0,3,0,10
Stat2Data,DiabeticDogs,Lactic Acid Turnover in Dogs,20,4,2,0,3,0,1
Stat2Data,Diamonds,Characteristics of a Sample of Diamonds,351,6,0,0,2,0,4
Stat2Data,Diamonds2,Characteristics of a Subset of the Diamond Sample,307,6,0,0,2,0,4
Stat2Data,Dinosaurs,Iridium Levels in Rock Layers to Investigate Dinosaur Extinction,28,4,1,0,1,0,3
Stat2Data,Election08,2008 U.S. Presidential Election,51,7,1,0,2,0,5
Stat2Data,Election16,2016 U.S. Presidential Election,50,8,1,0,2,0,6
Stat2Data,ElephantsFB,Measurements of Male African Elephants,138,3,1,0,0,0,3
Stat2Data,ElephantsMF,Measurements of African Elephants,288,3,1,0,1,0,2
Stat2Data,Ethanol,Effects of Oxygen on Sugar Metabolism,16,3,1,0,1,0,2
Stat2Data,Eyes,Pupil Dilation and Sexual Orientation,106,4,3,0,1,0,3
Stat2Data,Faces,Facial Attractiveness of Men,38,5,0,0,0,0,5
Stat2Data,FaithfulFaces,Faithfulness from a Photo?,170,7,3,0,2,0,5
Stat2Data,FantasyBaseball,Selection Times in a Fantasy Baseball Draft,24,9,0,0,0,0,9
Stat2Data,FatRats,Diet and Weight of Rats,60,3,1,0,2,0,1
Stat2Data,Fertility,Fertility Data for Women Having Trouble Getting Pregnant,333,10,0,0,0,0,10
Stat2Data,FGByDistance,Results of NFL Field Goal Attempts,51,7,0,0,0,0,7
Stat2Data,Film,Film Data from Leonard Maltin's Guide,100,9,2,0,2,0,7
Stat2Data,FinalFourIzzo,NCAA Final Four by Seed and Tom Izzo (through 2010),1664,4,2,0,0,0,4
Stat2Data,FinalFourIzzo17,NCAA Final Four by Seed and Tom Izzo (through 2017),2112,4,2,0,0,0,4
Stat2Data,FinalFourLong,NCAA Final Four by Seed (Long Version through 2010),2048,3,1,0,0,0,3
Stat2Data,FinalFourLong17,NCAA Final Four by Seed (Long Version through 2017),2496,3,1,0,0,0,3
Stat2Data,FinalFourShort,CAA Final Four by Seed (Short Version through 2010),512,4,0,0,0,0,4
Stat2Data,FinalFourShort17,NCAA Final Four by Seed (Short Version through 2017),624,4,0,0,0,0,4
Stat2Data,Fingers,Finger Tap Rates,12,3,0,0,2,0,1
Stat2Data,FirstYearGPA,First Year GPA for College Students,219,10,4,0,0,0,10
Stat2Data,FishEggs,Fertility of Fish Eggs,35,4,2,0,1,0,3
Stat2Data,Fitch,Body Measurements of Mammal Species,28,5,1,0,2,0,3
Stat2Data,FlightResponse,Response of Migratory Geese to Helicopter Overflights,464,7,1,0,1,0,6
Stat2Data,FloridaDP,Florida Death Penalty Cases,326,4,4,0,2,0,2
Stat2Data,Fluorescence,Measuring Calcium Binding to Proteins,51,2,0,0,0,0,2
Stat2Data,FranticFingers,Finger Tap Rates,12,4,0,0,2,0,2
Stat2Data,FruitFlies,Fruit Fly Sexual Activity and Longevity,125,7,0,0,1,0,6
Stat2Data,FruitFlies2,Fruit Fly Sexual Activity and Male Competition,201,7,2,0,2,0,5
Stat2Data,FunnelDrop,Funnel Drop Times,120,3,0,0,0,0,3
Stat2Data,GlowWorms,Female Glow-worms,26,2,0,0,0,0,2
Stat2Data,Goldenrod,Goldenrod Galls,1055,9,1,0,3,0,6
Stat2Data,GrinnellHouses,"House Sales in Grinnell, Iowa",929,15,0,0,1,0,14
Stat2Data,Grocery,Grocery Sales and Discounts,36,5,0,0,2,0,3
Stat2Data,Gunnels,Are Gunnels Present at Shoreline?,1592,10,4,0,0,0,10
Stat2Data,Handwriting,Guess Author's Sex from Handwriting?,204,8,1,0,0,0,8
Stat2Data,Hawks,Measurements on Three Hawk Species,908,19,1,0,6,0,13
Stat2Data,HawkTail,Tail Lengths of Hawks,838,2,1,0,1,0,1
Stat2Data,HawkTail2,Tail Lengths of Hawks (Unstacked),577,2,0,0,0,0,2
Stat2Data,HearingTest,Correctly Identified Words in a Hearing Test,96,3,0,0,1,0,2
Stat2Data,HeatingOil,Heating Oil Consumption,408,4,0,0,0,0,4
Stat2Data,HighPeaks,Characteristics of Adirondack Hiking Trails,46,6,0,0,1,0,5
Stat2Data,Hoops,Grinnell College Basketball Games,147,22,4,0,1,0,21
Stat2Data,HorsePrices,Prices of Horses,50,5,1,0,1,0,4
Stat2Data,Houses,"House Prices, Sizes, and Lot Areas",20,3,0,0,0,0,3
Stat2Data,HousesNY,House Prices in Rural NY,53,5,0,0,0,0,5
Stat2Data,ICU,Intensive Care Unit Patients,200,9,4,0,0,0,9
Stat2Data,InfantMortality2010,Infant Mortality Rates,10,2,0,0,0,0,2
Stat2Data,Inflation,Monthly Consumer Price Index (2009-2016),96,5,0,0,0,0,5
Stat2Data,InsuranceVote,Congressional Votes on a Health Insurance Bill,435,9,5,0,2,0,7
Stat2Data,IQGuessing,Guess IQ from a Photo?,40,3,0,0,0,0,3
Stat2Data,Jurors,Reporting Rates for Jurors,52,4,2,0,0,0,4
Stat2Data,Kershaw,Kershaw Pitch Data,3402,24,4,0,11,0,13
Stat2Data,KeyWestWater,Key West Water Temperatures,6572,3,0,0,1,0,2
Stat2Data,Kids198,Body Measurements of Children,198,5,2,0,0,0,5
Stat2Data,Leafhoppers,Leafhopper Diet and Longevity,8,3,0,0,1,0,2
Stat2Data,LeafWidth,Leaf Measurements,252,5,0,0,0,0,5
Stat2Data,Leukemia,Responses to Treatment for Leukemia,51,9,2,0,0,0,9
Stat2Data,LeveeFailures,Levee Failures along the Mississippi River,82,14,4,0,0,0,14
Stat2Data,LewyBody2Groups,Lewy Bodies and Dimentia,39,3,1,0,1,0,2
Stat2Data,LewyDLBad,Lewy Bodies and Dimentia with Alzheimer's,20,3,0,0,1,0,2
Stat2Data,LongJumpOlympics,Olympic Men's Long Jump Gold Medal Distance (1900 - 2008),26,2,0,0,0,0,2
Stat2Data,LongJumpOlympics2016,Olympic Men's Long Jump Gold Medal Distance (1900 - 2016),28,2,0,0,0,0,2
Stat2Data,LosingSleep,Sleep Hours for Teenagers,446,3,1,0,0,0,3
Stat2Data,LostLetter,"Return Rates for ""Lost"" Letters",140,8,7,0,2,0,6
Stat2Data,Marathon,Daily Training for a Marathon Runner,1127,9,2,0,4,0,5
Stat2Data,Markets,Daily Change in Dow Jones and Nikkei Stock Market Indices,56,5,1,0,1,0,4
Stat2Data,MathEnrollment,Enrollments in Math Courses,11,3,0,0,0,0,3
Stat2Data,MathPlacement,Math Placement Exam Results,2696,16,5,0,2,0,14
Stat2Data,MedGPA,GPA and Medical School Admission,55,11,3,0,2,0,9
Stat2Data,Meniscus,Meniscus Repair Methods,18,4,0,0,0,0,4
Stat2Data,MentalHealth,Mental Health Admissions,36,3,0,0,2,0,1
Stat2Data,MetabolicRate,Metabolic Rate of Caterpillars,305,7,0,0,0,0,7
Stat2Data,MetroCommutes,Commute Times,2000,3,0,0,1,0,2
Stat2Data,MetroHealth83,Health Services in Metropolitan Areas,83,16,0,0,1,0,15
Stat2Data,Migraines,Migraines and TMS,2,4,3,0,1,0,3
Stat2Data,Milgram,Ethics and a Milgram Experiment,37,2,0,0,1,0,1
Stat2Data,MLB2007Standings,Standings and Team Statistics from the 2007 Baseball Season,30,21,1,0,2,0,19
Stat2Data,MLBStandings2016,MLB Standings in 2016,30,21,1,0,2,0,19
Stat2Data,MothEggs,Moth Eggs,39,2,0,0,0,0,2
Stat2Data,MouseBrain,Effects of Serotonin in Mice,48,3,1,0,2,0,1
Stat2Data,MusicTime,Estimating Time with Different Music Playing,60,6,2,0,4,0,2
Stat2Data,NCbirths,North Carolina Birth Records,1450,15,5,0,2,0,13
Stat2Data,NFL2007Standings,NFL Standings for 2007 Regular Season,32,10,1,0,3,0,7
Stat2Data,NFLStandings2016,NFL Standings for 2016 Regular Season,32,11,1,0,1,0,10
Stat2Data,Nursing,Nursing Homes,52,7,1,0,0,0,7
Stat2Data,OilDeapsorbtion,Effect of Ultrasound on Oil Deapsorbtion,40,4,3,0,0,0,4
Stat2Data,Olives,Fenthion in Olive Oil,18,7,1,0,0,0,7
Stat2Data,Orings,Space Shuttle O-Rings,24,2,1,0,1,0,1
Stat2Data,Overdrawn,Overdrawn Checking Account?,450,4,2,0,0,0,4
Stat2Data,Oysters,Size of Oysters,30,5,0,0,0,0,5
Stat2Data,PalmBeach,Palm Beach Butterfly Ballot,67,3,0,0,1,0,2
Stat2Data,PeaceBridge2003,Monthly Peace Bridge Traffic ( 2003-2015),156,4,0,0,0,0,4
Stat2Data,PeaceBridge2012,Monthly Peace Bridge Traffic ( 2012-2015),48,4,0,0,0,0,4
Stat2Data,Pedometer,Pedometer Walking Data,68,8,1,0,3,0,5
Stat2Data,Perch,Perch Sizes,56,4,0,0,0,0,4
Stat2Data,PigFeed,Additives in Pig Feed,12,3,2,0,2,0,1
Stat2Data,Pines,Measurements of Pine Tree Seedlings,1000,15,4,0,0,0,15
Stat2Data,PKU,Dopamine levels with PKU in diets,20,4,2,0,3,0,1
Stat2Data,Political,Political Behavior of College Students,59,9,3,0,0,0,9
Stat2Data,Pollster08,2008 U.S. Presidential Election Polls,102,11,2,0,4,0,7
Stat2Data,Popcorn,Popcorn Popping Success,12,3,1,0,1,0,2
Stat2Data,PorscheJaguar,Porsche and Jaguar Prices,60,5,2,0,1,0,4
Stat2Data,PorschePrice,Porsche Prices,30,3,0,0,0,0,3
Stat2Data,Pulse,Pulse Rates and Exercise,232,7,2,0,0,0,7
Stat2Data,Putts1,Putting Success by Length (Long Form),587,2,1,0,0,0,2
Stat2Data,Putts2,Putting Success by Length (Short Form),5,4,0,0,0,0,4
Stat2Data,Putts3,Hypothetical Putting Data (Short Form),5,4,0,0,0,0,4
Stat2Data,RacialAnimus,Racial Animus and City Demgraphics,196,7,0,0,1,0,6
Stat2Data,RadioactiveTwins,Comparing Twins Ability to Clear Radioactive Particles,30,3,1,0,1,0,2
Stat2Data,RailsTrails,Homes in Northampton MA Near Rail Trails,104,30,6,0,6,0,24
Stat2Data,Rectangles,Measurements of Rectangles,9,5,0,0,0,0,5
Stat2Data,ReligionGDP,Religion and GDP for Countries,44,9,6,0,1,0,8
Stat2Data,RepeatedPulse,Pulse Rates at Various Times of Day,104,3,0,0,2,0,1
Stat2Data,ResidualOil,US Residual Oil Production (Quarterly 1983-2016),136,5,0,0,0,0,5
Stat2Data,Retirement,Yearly Contributions to a Supplemental Retirement Account,16,2,0,0,0,0,2
Stat2Data,Ricci,Firefighter Promotion Exam Scores,118,5,1,0,2,0,3
Stat2Data,RiverElements,Elements in River Water Samples,12,27,0,0,1,0,26
Stat2Data,RiverIron,Iron in River Water Samples,12,4,0,0,2,0,2
Stat2Data,SampleFG,Field Goal Attempts in the NFL,30,13,1,0,4,0,9
Stat2Data,SandwichAnts,Ants on Sandwiches,48,5,1,0,3,0,2
Stat2Data,SATGPA,SAT Scores and GPA,24,3,0,0,0,0,3
Stat2Data,SeaIce,Arctic Sea Ice (1979-2015),37,4,0,0,0,0,4
Stat2Data,SeaSlugs,Sea Slug Larvae,36,2,0,0,0,0,2
Stat2Data,SleepingShrews,Shrew Heart Rates at Stages of Sleep,18,4,0,0,2,0,2
Stat2Data,Sparrows,Sparrow Measurements,116,3,0,0,1,0,2
Stat2Data,SpeciesArea,Land Area and Mammal Species,14,5,0,0,1,0,4
Stat2Data,Speed,Highway Fatality Rates (Yearly),21,3,1,0,0,0,3
Stat2Data,SugarEthanol,Effects of Oxygen on Sugar Metabolism,16,3,1,0,1,0,2
Stat2Data,SuicideChina,"Suicide Attempts in Shandong, China",2571,11,3,0,7,0,4
Stat2Data,Swahili,Attitudes Towards Swahili in Kenyan Schools,480,4,2,0,3,0,1
Stat2Data,Tadpoles,Effects of a Fungus on Tadpoles,27,4,1,0,1,0,3
Stat2Data,TechStocks,Daily Prices of Three Tech Stocks,504,5,0,0,1,0,4
Stat2Data,TeenPregnancy,State Teen Pregnancy Rates,50,4,0,0,2,0,2
Stat2Data,TextPrices,Textbook Prices,30,2,0,0,0,0,2
Stat2Data,ThomasConfirmation,US Senate Votes on Clarence Thomas Confirmation,100,6,3,0,4,0,2
Stat2Data,ThreeCars,Prices of Three Used Car Models (2007),90,8,3,0,1,0,7
Stat2Data,ThreeCars2017,"Price, Age, and Mileage of Three Used Car Models",90,7,3,0,1,0,6
Stat2Data,TipJoke,Improve Chances of Getting a Tip?,211,5,4,0,1,0,4
Stat2Data,Titanic,Passengers on the Titanic,1313,6,3,0,3,0,3
Stat2Data,TMS,Migraines and TMS,2,4,3,0,1,0,3
Stat2Data,TomlinsonRush,LaDainian Tomlinson Rushing Yards,16,4,0,0,1,0,3
Stat2Data,TwinsLungs,Comparing Twins Ability to Clear Radioactive Particles,14,3,1,0,2,0,1
Stat2Data,Undoing,Defense of Undoing OCD Symptoms in Psychotherapy,44,3,1,0,1,0,2
Stat2Data,USstamps,Price of US Stamps,25,2,0,0,0,0,2
Stat2Data,VisualVerbal,Visual versus Verbal Performance,80,5,2,0,4,0,1
Stat2Data,Volts,Voltage Drop for a Discharging Capacitor,50,2,0,0,0,0,2
Stat2Data,WalkingBabies,Effects of Exercise on First Walking,24,2,0,0,1,0,1
Stat2Data,WalkTheDogs,Did the Author Walk the Dogs Today?,223,7,1,0,2,0,5
Stat2Data,WeightLossIncentive,Do Financial Incentives Improve Weight Loss?,38,3,1,0,1,0,2
Stat2Data,WeightLossIncentive4,Do Financial Incentives Improve Weight Loss? (4 Months),36,2,1,0,1,0,1
Stat2Data,WeightLossIncentive7,Do Financial Incentives Improve Weight Loss? (7 Months),33,2,1,0,1,0,1
Stat2Data,Whickham2,Whickham Health Study,1314,5,4,0,3,0,2
Stat2Data,WordMemory,Experiment on Word Memory,40,4,2,0,3,0,1
Stat2Data,WordsWithFriends,Words with Friends Scores,444,11,5,0,2,0,9
Stat2Data,Wrinkle,Moving Wet Objects with Wrinkled Fingers,80,7,4,0,4,0,3
Stat2Data,YouthRisk,Annual survey of health-risk youth behaviors,13387,6,4,0,0,0,6
Stat2Data,YouthRisk2007,Riding with a Driver Who Has Been Drinking,13387,6,4,0,0,0,6
Stat2Data,YouthRisk2009,Youth Risk Survey,500,6,2,0,3,0,3
Stat2Data,Zimmerman,Stand Your Ground Simpson's Paradox,220,5,5,0,3,0,2
survival,bladder,Bladder Cancer Recurrences,340,7,2,0,0,0,7
survival,cancer,NCCTG Lung Cancer Data,228,10,2,0,0,0,10
survival,cgd,Chronic Granulotamous Disease data,203,16,6,0,5,0,10
survival,colon,Chemotherapy for Stage B/C colon cancer,1858,16,8,0,1,0,15
survival,diabetic,Ddiabetic retinopathy,394,8,4,0,2,0,6
survival,flchain,Assay of serum free light chain for 7874 subjects.,7874,11,3,0,2,0,9
survival,heart,Stanford Heart Transplant data,172,8,3,0,1,0,7
survival,kidney,Kidney catheter data,76,7,2,0,1,0,6
survival,leukemia,Acute Myelogenous Leukemia survival data,23,3,2,0,1,0,2
survival,logan,Data from the 1972-78 GSS data used by Logan,838,4,1,0,3,0,1
survival,lung,NCCTG Lung Cancer Data,228,10,2,0,0,0,10
survival,mgus,Monoclonal gammopathy data,241,12,2,0,2,0,10
survival,mgus2,Monoclonal gammopathy data,1384,10,3,0,1,0,9
survival,myeloid,Acute myeloid leukemia,646,7,2,1,0,0,6
survival,nwtco,Data from the National Wilm's Tumor Study,4028,9,5,0,0,1,8
survival,ovarian,Ovarian Cancer Survival Data,26,6,4,0,0,0,6
survival,pbc,Mayo Clinic Primary Biliary Cirrhosis Data,418,20,5,0,1,0,19
survival,rats,Rat treatment data from Mantel et al,300,5,3,1,0,0,4
survival,retinopathy,Diabetic Retinopathy,394,9,5,0,3,0,6
survival,rhDNase,rhDNASE data set,767,8,1,0,0,0,6
survival,solder,Data from a soldering experiment,900,6,1,0,5,0,1
survival,stanford2,More Stanford Heart Transplant data,184,5,1,0,0,0,5
survival,tobin,Tobin's Tobit data,20,3,0,0,0,0,3
survival,transplant,Liver transplant waiting list,815,6,1,0,3,0,3
survival,udca,Data from a trial of usrodeoxycholic acid,170,15,2,0,0,0,5
survival,uspop2,Projected US Population,101,42,0,0,0,0,42
survival,veteran,Veterans' Administration Lung Cancer study,137,8,3,0,1,0,7
texmex,liver,Liver related laboratory data,606,9,0,0,1,0,8
texmex,nidd,"Rain, wavesurge, portpirie and nidd datasets.",154,1,0,0,0,0,1
texmex,portpirie,"Rain, wavesurge, portpirie and nidd datasets.",65,2,0,0,0,0,2
texmex,rain,"Rain, wavesurge, portpirie and nidd datasets.",17531,1,0,0,0,0,1
texmex,summer,"Air pollution data, separately for summer and winter months",578,5,0,0,0,0,5
texmex,wavesurge,"Rain, wavesurge, portpirie and nidd datasets.",2894,2,0,0,0,0,2
texmex,winter,"Air pollution data, separately for summer and winter months",532,5,0,0,0,0,5
vcd,Arthritis,Arthritis Treatment Data,84,5,2,0,3,0,2
vcd,Baseball,Baseball Data,322,25,3,2,6,0,17
vcd,BrokenMarriage,Broken Marriage Data,20,4,2,0,3,0,1
vcd,Bundesliga,Ergebnisse der Fussball-Bundesliga,14018,7,0,0,2,0,4
vcd,Bundestag2005,Votes in German Bundestag Election 2005,80,3,0,0,2,0,1
vcd,Butterfly,Butterfly Species in Malaya,24,2,0,0,1,0,1
vcd,CoalMiners,Breathlessness and Wheeze in Coal Miners,36,4,2,0,3,0,1
vcd,DanishWelfare,Danish Welfare Study Data,180,5,0,0,4,0,1
vcd,Employment,Employment Status,24,4,2,0,3,0,1
vcd,Federalist,'May' in Federalist Papers,7,2,0,0,1,0,1
vcd,Hitters,Hitters Data,154,4,0,0,1,0,3
vcd,HorseKicks,Death by Horse Kicks,5,2,0,0,1,0,1
vcd,Hospital,Hospital data,9,3,0,0,2,0,1
vcd,JobSatisfaction,Job Satisfaction Data,8,4,3,0,3,0,1
vcd,JointSports,Opinions About Joint Sports,40,5,3,0,4,0,1
vcd,Lifeboats,Lifeboats on the Titanic,18,8,1,0,2,0,5
vcd,MSPatients,Diagnosis of Multiple Sclerosis,4,8,0,0,0,0,8
vcd,NonResponse,Non-Response Survey Data,12,4,2,0,3,0,1
vcd,OvaryCancer,Ovary Cancer Data,16,5,4,0,4,0,1
vcd,PreSex,Pre-marital Sex and Divorce,16,5,4,0,4,0,1
vcd,Punishment,Corporal Punishment Data,36,5,2,0,4,0,1
vcd,RepVict,Repeat Victimization Data,64,3,0,0,2,0,1
vcd,Rochdale,Rochdale Data,256,9,8,0,8,0,1
vcd,Saxony,Families in Saxony,13,2,0,0,1,0,1
vcd,SexualFun,Sex is Fun,16,3,0,0,2,0,1
vcd,SpaceShuttle,Space Shuttle O-ring Failures,24,6,1,0,2,0,4
vcd,Suicide,Suicide Rates in Germany,306,6,1,0,4,0,2
vcd,Trucks,Truck Accidents Data,24,5,3,0,4,0,1
vcd,UKSoccer,UK Soccer Scores,25,3,0,0,2,0,1
vcd,VisualAcuity,Visual Acuity in Left and Right Eyes,32,4,1,0,3,0,1
vcd,VonBort,Von Bortkiewicz Horse Kicks Data,280,4,1,0,2,0,2
vcd,WeldonDice,Weldon's Dice Data,11,2,0,0,1,0,1
vcd,WomenQueue,Women in Queues,11,2,0,0,1,0,1
Zelig,approval,U.S. Presidential Approval Data,65,8,2,0,0,0,8
Zelig,bivariate,Sample data for bivariate probit regression,78,6,3,0,0,0,6
Zelig,CigarettesSW,Cigarette Consumption Panel Data,96,9,2,0,1,0,8
Zelig,coalition,Coalition Dissolution in Parliamentary Democracies,314,7,3,0,0,0,7
Zelig,coalition2,"Coalition Dissolution in Parliamentary Democracies, Modified Version",314,8,3,0,1,0,7
Zelig,eidat,Simulation Data for Ecological Inference,10,4,0,0,0,0,4
Zelig,free1,Freedom of Speech Data,450,11,1,0,1,0,10
Zelig,free2,Freedom of Speech Data,450,11,1,0,1,0,10
Zelig,friendship,Simulated Example of Schoolchildren Friendship Network,0,7,0,0,0,0,7
Zelig,grunfeld,Simulation Data for model Seemingly Unrelated Regression (sur) that corresponds to method SUR of systemfit,20,7,0,0,0,0,7
Zelig,hoff,Social Security Expenditure Data,36,5,1,0,0,0,5
Zelig,homerun,Sample Data on Home Runs Hit By Mark McGwire and Sammy Sosa in 1998.,314,5,1,0,2,0,3
Zelig,immi1,Individual Preferences Over Immigration Policy,2485,5,1,0,0,0,5
Zelig,immi2,Individual Preferences Over Immigration Policy,2485,5,1,0,0,0,5
Zelig,immi3,Individual Preferences Over Immigration Policy,2485,5,1,0,0,0,5
Zelig,immi4,Individual Preferences Over Immigration Policy,2485,5,1,0,0,0,5
Zelig,immi5,Individual Preferences Over Immigration Policy,2485,5,1,0,0,0,5
Zelig,immigration,Individual Preferences Over Immigration Policy,2485,5,1,0,0,0,5
Zelig,klein,Simulation Data for model Two-Stage Least Square (twosls) that corresponds to method 2SLS of systemfit,21,14,0,0,0,0,14
Zelig,kmenta,Simulation Data for model Three-Stage Least Square (threesls) that corresponds to method 3SLS of systemfit,20,5,0,0,0,0,5
Zelig,macro,Macroeconomic Data,350,6,0,0,1,0,5
Zelig,MatchIt.url,Table of links for Zelig,2,2,2,0,2,0,0
Zelig,mexico,Voting Data from the 1988 Mexican Presidental Election,1359,33,11,0,0,0,33
Zelig,mid,Militarized Interstate Disputes,3126,7,3,0,0,0,7
Zelig,newpainters,The Discretized Painter's Data of de Piles,54,4,0,0,0,0,4
Zelig,PErisk,Political Economic Risk Data from 62 Countries in 1987,62,6,1,0,1,0,5
Zelig,sanction,Multilateral Economic Sanctions,78,8,3,0,1,0,7
Zelig,seatshare,Left Party Seat Share in 11 OECD Countries,384,4,0,1,0,0,3
Zelig,sna.ex,Simulated Example of Social Network Data,0,5,0,0,0,0,5
Zelig,SupremeCourt,U.S. Supreme Court Vote Matrix,43,9,9,0,0,0,9
Zelig,swiss,Swiss Fertility and Socioeconomic Indicators (1888) Data,47,6,0,0,0,0,6
Zelig,tobin,Tobin's Tobit Data,20,3,0,0,0,0,3
Zelig,turnout,Turnout Data Set from the National Election Survey,2000,5,2,0,1,0,4
Zelig,voteincome,Sample Turnout and Demographic Data from the 2000 Current Population Survey,1500,7,3,0,1,0,6
Zelig,Weimar,1932 Weimar election data,10,11,0,0,0,0,11
Zelig,Zelig.url,Table of links for Zelig,49,2,0,0,2,0,0
